date,day_of_year,rainfall_mm,temperature_c
2015-01-01,1,1.42,27.3
2015-01-02,2,0.5,26.3
2015-01-03,3,4.02,28.6
2015-01-04,4,0.0,27.8
2015-01-05,5,5.72,29.8
2015-01-06,6,0.0,28.3
2015-01-07,7,0.0,28.1
2015-01-08,8,6.07,27.5
2015-01-09,9,1.02,27.9
2015-01-10,10,0.0,28.0
2015-01-11,11,2.45,30.8
2015-01-12,12,1.51,29.5
2015-01-13,13,0.0,31.2
2015-01-14,14,0.0,29.0
2015-01-15,15,0.0,28.7
2015-01-16,16,4.16,26.1
2015-01-17,17,5.13,29.5
2015-01-18,18,2.61,29.6
2015-01-19,19,0.0,26.6
2015-01-20,20,1.88,29.4
2015-01-21,21,1.9,27.8
2015-01-22,22,0.0,26.9
2015-01-23,23,0.0,29.5
2015-01-24,24,3.96,28.9
2015-01-25,25,1.84,30.9
2015-01-26,26,4.46,28.1
2015-01-27,27,0.84,28.3
2015-01-28,28,0.0,27.6
2015-01-29,29,0.0,28.8
2015-01-30,30,1.4,26.0
2015-01-31,31,5.44,29.2
2015-02-01,32,0.0,29.3
2015-02-02,33,3.54,28.7
2015-02-03,34,0.0,31.5
2015-02-04,35,0.0,28.7
2015-02-05,36,0.0,26.8
2015-02-06,37,0.0,26.8
2015-02-07,38,1.07,28.9
2015-02-08,39,0.0,29.0
2015-02-09,40,1.96,29.4
2015-02-10,41,4.06,26.9
2015-02-11,42,0.03,29.5
2015-02-12,43,0.0,29.2
2015-02-13,44,3.96,25.5
2015-02-14,45,5.04,28.9
2015-02-15,46,0.0,32.3
2015-02-16,47,8.26,27.6
2015-02-17,48,0.0,29.2
2015-02-18,49,4.79,28.8
2015-02-19,50,4.11,29.1
2015-02-20,51,0.26,29.7
2015-02-21,52,1.08,29.0
2015-02-22,53,0.0,27.2
2015-02-23,54,0.0,31.2
2015-02-24,55,0.0,28.7
2015-02-25,56,0.0,29.7
2015-02-26,57,0.0,30.5
2015-02-27,58,1.52,29.7
2015-02-28,59,3.88,32.4
2015-03-01,60,4.66,28.0
2015-03-02,61,1.95,29.0
2015-03-03,62,4.65,27.4
2015-03-04,63,2.58,27.6
2015-03-05,64,0.2,29.0
2015-03-06,65,6.7,27.6
2015-03-07,66,5.48,29.6
2015-03-08,67,1.79,29.1
2015-03-09,68,4.61,28.9
2015-03-10,69,2.04,28.7
2015-03-11,70,3.06,29.8
2015-03-12,71,12.51,26.5
2015-03-13,72,5.07,27.9
2015-03-14,73,11.79,29.6
2015-03-15,74,7.11,27.8
2015-03-16,75,10.06,27.4
2015-03-17,76,6.89,27.3
2015-03-18,77,13.25,26.2
2015-03-19,78,19.33,25.2
2015-03-20,79,9.79,30.9
2015-03-21,80,14.71,24.5
2015-03-22,81,11.24,27.4
2015-03-23,82,13.4,27.0
2015-03-24,83,11.83,27.0
2015-03-25,84,13.95,27.7
2015-03-26,85,7.38,30.0
2015-03-27,86,17.09,28.4
2015-03-28,87,23.5,27.9
2015-03-29,88,8.5,26.8
2015-03-30,89,10.38,26.4
2015-03-31,90,18.09,25.9
2015-04-01,91,10.07,28.7
2015-04-02,92,9.62,28.3
2015-04-03,93,20.99,27.8
2015-04-04,94,13.58,28.3
2015-04-05,95,21.98,26.8
2015-04-06,96,9.6,25.9
2015-04-07,97,12.08,26.8
2015-04-08,98,14.84,25.3
2015-04-09,99,18.32,29.3
2015-04-10,100,19.22,26.8
2015-04-11,101,9.77,27.7
2015-04-12,102,11.24,26.8
2015-04-13,103,19.78,25.2
2015-04-14,104,23.92,24.8
2015-04-15,105,11.07,28.4
2015-04-16,106,17.6,28.2
2015-04-17,107,15.21,27.4
2015-04-18,108,25.5,27.5
2015-04-19,109,12.63,29.5
2015-04-20,110,20.25,24.4
2015-04-21,111,20.93,23.1
2015-04-22,112,16.57,25.8
2015-04-23,113,21.34,25.2
2015-04-24,114,14.53,28.0
2015-04-25,115,10.59,27.3
2015-04-26,116,16.64,27.1
2015-04-27,117,15.41,28.9
2015-04-28,118,12.61,26.6
2015-04-29,119,22.41,27.8
2015-04-30,120,19.24,26.4
2015-05-01,121,8.01,27.1
2015-05-02,122,8.44,27.5
2015-05-03,123,18.31,24.3
2015-05-04,124,22.56,24.7
2015-05-05,125,9.25,30.3
2015-05-06,126,11.74,27.5
2015-05-07,127,15.89,23.1
2015-05-08,128,4.66,30.7
2015-05-09,129,11.23,25.7
2015-05-10,130,10.54,28.2
2015-05-11,131,12.3,26.6
2015-05-12,132,21.16,28.4
2015-05-13,133,12.34,28.1
2015-05-14,134,14.33,26.8
2015-05-15,135,7.99,27.1
2015-05-16,136,3.09,28.0
2015-05-17,137,16.01,27.0
2015-05-18,138,17.24,25.0
2015-05-19,139,9.67,29.1
2015-05-20,140,4.99,27.1
2015-05-21,141,7.98,28.7
2015-05-22,142,8.37,27.4
2015-05-23,143,0.38,26.8
2015-05-24,144,4.58,28.0
2015-05-25,145,6.44,28.6
2015-05-26,146,10.62,28.1
2015-05-27,147,4.58,28.3
2015-05-28,148,0.0,28.0
2015-05-29,149,5.79,28.3
2015-05-30,150,7.76,25.2
2015-05-31,151,5.96,27.4
2015-06-01,152,4.25,29.8
2015-06-02,153,0.0,28.6
2015-06-03,154,0.0,28.8
2015-06-04,155,1.87,27.8
2015-06-05,156,4.72,28.1
2015-06-06,157,2.91,26.8
2015-06-07,158,7.67,28.4
2015-06-08,159,7.94,27.3
2015-06-09,160,0.0,30.3
2015-06-10,161,0.0,30.8
2015-06-11,162,3.04,27.6
2015-06-12,163,0.0,28.7
2015-06-13,164,8.65,25.6
2015-06-14,165,11.78,26.7
2015-06-15,166,12.82,27.5
2015-06-16,167,0.0,29.6
2015-06-17,168,0.0,31.7
2015-06-18,169,2.08,28.8
2015-06-19,170,4.14,27.3
2015-06-20,171,3.1,30.8
2015-06-21,172,2.19,30.1
2015-06-22,173,6.26,27.9
2015-06-23,174,5.89,29.3
2015-06-24,175,0.0,26.7
2015-06-25,176,0.31,27.8
2015-06-26,177,0.0,30.5
2015-06-27,178,0.0,27.2
2015-06-28,179,4.13,27.8
2015-06-29,180,0.0,29.5
2015-06-30,181,0.0,28.3
2015-07-01,182,0.0,30.2
2015-07-02,183,0.0,27.4
2015-07-03,184,1.38,29.8
2015-07-04,185,0.0,32.1
2015-07-05,186,2.35,28.2
2015-07-06,187,0.66,28.3
2015-07-07,188,0.27,29.7
2015-07-08,189,0.0,29.6
2015-07-09,190,0.0,31.1
2015-07-10,191,1.09,28.8
2015-07-11,192,9.05,26.6
2015-07-12,193,5.21,24.9
2015-07-13,194,0.0,27.9
2015-07-14,195,0.0,27.3
2015-07-15,196,0.0,31.3
2015-07-16,197,3.56,27.3
2015-07-17,198,3.71,27.4
2015-07-18,199,3.41,30.9
2015-07-19,200,0.0,30.5
2015-07-20,201,0.0,26.3
2015-07-21,202,0.48,27.3
2015-07-22,203,0.0,27.1
2015-07-23,204,11.51,28.9
2015-07-24,205,0.6,29.0
2015-07-25,206,5.21,29.7
2015-07-26,207,1.64,27.6
2015-07-27,208,0.0,30.2
2015-07-28,209,1.15,28.7
2015-07-29,210,0.0,28.1
2015-07-30,211,6.39,31.8
2015-07-31,212,0.09,29.6
2015-08-01,213,0.0,28.7
2015-08-02,214,5.62,26.6
2015-08-03,215,0.31,29.0
2015-08-04,216,2.01,30.7
2015-08-05,217,2.11,30.0
2015-08-06,218,4.66,29.3
2015-08-07,219,2.75,27.6
2015-08-08,220,0.0,27.8
2015-08-09,221,0.0,27.6
2015-08-10,222,0.0,26.9
2015-08-11,223,0.0,29.3
2015-08-12,224,0.0,27.4
2015-08-13,225,2.32,29.0
2015-08-14,226,0.0,27.8
2015-08-15,227,0.0,29.6
2015-08-16,228,0.0,29.1
2015-08-17,229,0.0,29.7
2015-08-18,230,0.75,27.5
2015-08-19,231,0.0,29.2
2015-08-20,232,0.98,26.3
2015-08-21,233,6.52,28.5
2015-08-22,234,1.54,26.3
2015-08-23,235,0.0,27.9
2015-08-24,236,6.58,27.5
2015-08-25,237,4.04,28.5
2015-08-26,238,0.8,29.8
2015-08-27,239,0.0,28.0
2015-08-28,240,0.61,29.4
2015-08-29,241,4.76,28.0
2015-08-30,242,0.0,27.9
2015-08-31,243,7.31,26.3
2015-09-01,244,0.0,30.0
2015-09-02,245,0.0,30.6
2015-09-03,246,0.0,28.4
2015-09-04,247,3.19,27.2
2015-09-05,248,0.0,27.7
2015-09-06,249,0.0,29.6
2015-09-07,250,0.29,28.2
2015-09-08,251,0.0,29.4
2015-09-09,252,0.35,26.1
2015-09-10,253,0.98,28.4
2015-09-11,254,3.63,30.1
2015-09-12,255,2.78,27.2
2015-09-13,256,1.14,27.7
2015-09-14,257,0.0,32.4
2015-09-15,258,4.26,27.3
2015-09-16,259,0.0,28.0
2015-09-17,260,0.0,29.5
2015-09-18,261,0.0,30.6
2015-09-19,262,1.86,28.7
2015-09-20,263,0.0,31.0
2015-09-21,264,0.72,29.0
2015-09-22,265,2.07,28.4
2015-09-23,266,0.0,27.4
2015-09-24,267,2.83,28.6
2015-09-25,268,0.0,28.7
2015-09-26,269,0.0,29.8
2015-09-27,270,0.65,27.9
2015-09-28,271,0.5,29.9
2015-09-29,272,0.0,28.1
2015-09-30,273,0.96,27.9
2015-10-01,274,2.21,27.1
2015-10-02,275,0.0,26.9
2015-10-03,276,3.94,27.2
2015-10-04,277,1.51,31.7
2015-10-05,278,2.96,31.2
2015-10-06,279,0.0,29.2
2015-10-07,280,9.0,28.1
2015-10-08,281,0.0,30.2
2015-10-09,282,7.25,29.7
2015-10-10,283,2.4,30.4
2015-10-11,284,4.37,29.2
2015-10-12,285,0.34,27.2
2015-10-13,286,8.05,26.6
2015-10-14,287,3.45,30.4
2015-10-15,288,8.95,28.6
2015-10-16,289,8.03,29.1
2015-10-17,290,0.47,27.4
2015-10-18,291,4.62,27.6
2015-10-19,292,12.1,28.8
2015-10-20,293,5.73,29.0
2015-10-21,294,4.17,28.4
2015-10-22,295,10.11,28.1
2015-10-23,296,10.86,27.8
2015-10-24,297,3.53,29.1
2015-10-25,298,6.34,28.5
2015-10-26,299,8.62,28.7
2015-10-27,300,12.66,28.6
2015-10-28,301,10.55,28.3
2015-10-29,302,2.12,29.3
2015-10-30,303,8.25,25.8
2015-10-31,304,9.6,25.8
2015-11-01,305,10.21,26.8
2015-11-02,306,7.35,25.2
2015-11-03,307,12.07,24.7
2015-11-04,308,13.44,27.2
2015-11-05,309,10.3,29.3
2015-11-06,310,9.7,28.6
2015-11-07,311,9.85,25.7
2015-11-08,312,16.42,26.2
2015-11-09,313,15.66,27.8
2015-11-10,314,13.56,27.4
2015-11-11,315,9.88,27.2
2015-11-12,316,10.96,28.5
2015-11-13,317,8.05,27.6
2015-11-14,318,18.95,26.1
2015-11-15,319,12.69,26.5
2015-11-16,320,10.32,28.4
2015-11-17,321,9.17,30.0
2015-11-18,322,14.12,27.4
2015-11-19,323,7.72,28.3
2015-11-20,324,5.52,28.4
2015-11-21,325,11.78,26.2
2015-11-22,326,11.23,24.5
2015-11-23,327,9.79,26.2
2015-11-24,328,9.61,26.4
2015-11-25,329,12.15,24.7
2015-11-26,330,11.07,28.3
2015-11-27,331,13.49,27.8
2015-11-28,332,8.38,28.5
2015-11-29,333,15.44,28.2
2015-11-30,334,9.27,26.2
2015-12-01,335,5.13,26.3
2015-12-02,336,12.3,29.8
2015-12-03,337,7.94,26.7
2015-12-04,338,13.26,24.1
2015-12-05,339,2.87,28.0
2015-12-06,340,11.04,28.7
2015-12-07,341,0.64,28.7
2015-12-08,342,2.23,28.9
2015-12-09,343,10.25,29.3
2015-12-10,344,5.12,26.8
2015-12-11,345,3.35,30.5
2015-12-12,346,1.18,30.6
2015-12-13,347,5.0,28.1
2015-12-14,348,1.76,27.1
2015-12-15,349,7.17,28.0
2015-12-16,350,6.02,25.9
2015-12-17,351,2.22,29.1
2015-12-18,352,1.04,27.1
2015-12-19,353,0.87,31.8
2015-12-20,354,5.83,26.6
2015-12-21,355,0.0,29.5
2015-12-22,356,8.98,29.8
2015-12-23,357,11.39,28.0
2015-12-24,358,2.32,28.1
2015-12-25,359,7.05,27.7
2015-12-26,360,8.45,26.8
2015-12-27,361,0.0,29.4
2015-12-28,362,0.0,29.4
2015-12-29,363,0.0,27.5
2015-12-30,364,8.89,30.2
2015-12-31,365,10.03,28.1
2016-01-01,1,3.81,27.4
2016-01-02,2,5.82,29.1
2016-01-03,3,0.0,30.3
2016-01-04,4,2.11,27.3
2016-01-05,5,0.0,28.7
2016-01-06,6,0.0,29.7
2016-01-07,7,0.0,27.9
2016-01-08,8,4.8,28.8
2016-01-09,9,6.56,27.2
2016-01-10,10,0.0,28.2
2016-01-11,11,0.14,31.1
2016-01-12,12,7.82,26.4
2016-01-13,13,0.0,31.4
2016-01-14,14,1.9,30.4
2016-01-15,15,0.0,27.7
2016-01-16,16,2.18,26.5
2016-01-17,17,4.99,27.5
2016-01-18,18,4.35,24.4
2016-01-19,19,1.48,27.5
2016-01-20,20,0.0,29.3
2016-01-21,21,0.0,28.5
2016-01-22,22,4.26,24.3
2016-01-23,23,0.0,30.6
2016-01-24,24,0.0,32.0
2016-01-25,25,3.62,30.5
2016-01-26,26,0.41,28.7
2016-01-27,27,13.53,27.7
2016-01-28,28,3.95,30.8
2016-01-29,29,2.15,25.5
2016-01-30,30,0.0,31.5
2016-01-31,31,1.41,29.7
2016-02-01,32,0.0,30.6
2016-02-02,33,3.32,28.6
2016-02-03,34,1.18,28.5
2016-02-04,35,1.08,29.1
2016-02-05,36,0.35,27.9
2016-02-06,37,4.5,29.7
2016-02-07,38,0.0,27.7
2016-02-08,39,0.0,28.0
2016-02-09,40,0.0,29.7
2016-02-10,41,2.62,28.9
2016-02-11,42,6.52,31.3
2016-02-12,43,0.0,29.9
2016-02-13,44,0.0,28.6
2016-02-14,45,5.75,28.3
2016-02-15,46,8.69,26.4
2016-02-16,47,4.36,28.0
2016-02-17,48,0.0,31.2
2016-02-18,49,0.0,27.0
2016-02-19,50,4.09,26.2
2016-02-20,51,10.88,28.8
2016-02-21,52,0.0,29.2
2016-02-22,53,8.79,26.5
2016-02-23,54,5.49,29.6
2016-02-24,55,3.76,28.0
2016-02-25,56,0.0,28.9
2016-02-26,57,2.68,29.9
2016-02-27,58,1.09,27.4
2016-02-28,59,3.5,29.5
2016-02-29,60,7.69,28.7
2016-03-01,61,0.0,30.1
2016-03-02,62,0.66,28.9
2016-03-03,63,9.2,28.0
2016-03-04,64,6.27,27.7
2016-03-05,65,2.4,29.1
2016-03-06,66,9.78,27.3
2016-03-07,67,5.84,27.7
2016-03-08,68,6.48,24.7
2016-03-09,69,6.44,25.9
2016-03-10,70,1.67,29.7
2016-03-11,71,12.01,27.2
2016-03-12,72,4.04,26.0
2016-03-13,73,6.4,27.2
2016-03-14,74,16.75,23.8
2016-03-15,75,3.19,29.6
2016-03-16,76,11.94,26.6
2016-03-17,77,11.93,27.4
2016-03-18,78,11.6,26.2
2016-03-19,79,13.16,27.7
2016-03-20,80,10.18,28.4
2016-03-21,81,11.84,29.9
2016-03-22,82,6.33,28.0
2016-03-23,83,14.13,27.8
2016-03-24,84,12.73,24.6
2016-03-25,85,13.8,27.5
2016-03-26,86,9.25,27.4
2016-03-27,87,10.9,26.4
2016-03-28,88,17.97,27.8
2016-03-29,89,14.65,26.7
2016-03-30,90,16.27,26.0
2016-03-31,91,9.81,28.6
2016-04-01,92,21.65,28.1
2016-04-02,93,8.87,26.9
2016-04-03,94,16.7,28.3
2016-04-04,95,15.88,25.7
2016-04-05,96,12.04,30.0
2016-04-06,97,18.77,25.1
2016-04-07,98,19.81,26.0
2016-04-08,99,19.15,26.1
2016-04-09,100,13.6,29.6
2016-04-10,101,18.82,25.9
2016-04-11,102,22.73,26.4
2016-04-12,103,17.74,28.8
2016-04-13,104,18.45,28.2
2016-04-14,105,11.98,28.9
2016-04-15,106,7.05,29.3
2016-04-16,107,15.27,24.5
2016-04-17,108,19.06,28.3
2016-04-18,109,19.0,23.2
2016-04-19,110,14.09,28.7
2016-04-20,111,17.99,26.7
2016-04-21,112,10.03,27.8
2016-04-22,113,11.82,26.9
2016-04-23,114,22.26,26.9
2016-04-24,115,17.67,27.2
2016-04-25,116,17.36,26.8
2016-04-26,117,12.58,26.7
2016-04-27,118,11.06,30.2
2016-04-28,119,10.91,28.9
2016-04-29,120,15.44,28.0
2016-04-30,121,12.61,30.4
2016-05-01,122,14.61,24.7
2016-05-02,123,9.36,29.6
2016-05-03,124,9.06,28.3
2016-05-04,125,14.31,26.0
2016-05-05,126,10.29,29.4
2016-05-06,127,8.41,26.8
2016-05-07,128,13.16,26.2
2016-05-08,129,14.21,26.3
2016-05-09,130,16.98,26.4
2016-05-10,131,10.91,28.1
2016-05-11,132,18.3,28.1
2016-05-12,133,10.94,27.6
2016-05-13,134,8.67,27.6
2016-05-14,135,10.05,29.4
2016-05-15,136,8.13,27.0
2016-05-16,137,5.7,27.6
2016-05-17,138,10.56,26.8
2016-05-18,139,10.85,26.8
2016-05-19,140,4.35,27.3
2016-05-20,141,9.98,26.5
2016-05-21,142,5.15,31.7
2016-05-22,143,0.0,29.5
2016-05-23,144,0.43,28.5
2016-05-24,145,7.46,28.2
2016-05-25,146,7.83,30.4
2016-05-26,147,5.07,29.5
2016-05-27,148,3.69,28.1
2016-05-28,149,5.65,26.8
2016-05-29,150,8.68,28.4
2016-05-30,151,0.0,30.8
2016-05-31,152,0.0,27.7
2016-06-01,153,10.23,27.7
2016-06-02,154,0.0,27.5
2016-06-03,155,0.0,29.7
2016-06-04,156,6.31,29.4
2016-06-05,157,0.0,29.8
2016-06-06,158,4.09,26.0
2016-06-07,159,5.51,28.7
2016-06-08,160,5.01,29.6
2016-06-09,161,0.0,30.5
2016-06-10,162,7.54,30.4
2016-06-11,163,5.9,28.7
2016-06-12,164,4.45,25.9
2016-06-13,165,2.19,27.5
2016-06-14,166,0.0,29.8
2016-06-15,167,0.0,29.9
2016-06-16,168,3.1,29.1
2016-06-17,169,5.02,28.4
2016-06-18,170,2.39,27.1
2016-06-19,171,3.42,27.1
2016-06-20,172,0.12,30.2
2016-06-21,173,3.07,28.2
2016-06-22,174,0.0,29.8
2016-06-23,175,0.0,28.1
2016-06-24,176,1.46,31.6
2016-06-25,177,4.64,28.0
2016-06-26,178,0.0,27.4
2016-06-27,179,0.0,29.8
2016-06-28,180,0.07,27.9
2016-06-29,181,0.0,28.6
2016-06-30,182,5.05,28.8
2016-07-01,183,0.0,28.2
2016-07-02,184,0.05,28.1
2016-07-03,185,0.0,29.3
2016-07-04,186,0.0,30.6
2016-07-05,187,2.71,28.9
2016-07-06,188,4.15,28.9
2016-07-07,189,0.0,30.7
2016-07-08,190,6.54,29.4
2016-07-09,191,2.54,27.5
2016-07-10,192,7.49,27.6
2016-07-11,193,0.0,32.8
2016-07-12,194,0.0,30.4
2016-07-13,195,0.0,30.7
2016-07-14,196,0.38,29.3
2016-07-15,197,2.8,28.8
2016-07-16,198,5.73,25.9
2016-07-17,199,0.0,27.7
2016-07-18,200,0.69,28.2
2016-07-19,201,7.57,26.4
2016-07-20,202,0.0,29.4
2016-07-21,203,4.24,30.6
2016-07-22,204,2.79,28.5
2016-07-23,205,1.9,27.8
2016-07-24,206,0.58,30.8
2016-07-25,207,2.61,30.0
2016-07-26,208,0.0,30.5
2016-07-27,209,1.1,31.3
2016-07-28,210,1.97,30.0
2016-07-29,211,0.61,29.6
2016-07-30,212,3.21,30.0
2016-07-31,213,0.0,30.5
2016-08-01,214,0.0,29.3
2016-08-02,215,0.0,27.8
2016-08-03,216,0.0,28.3
2016-08-04,217,1.3,27.6
2016-08-05,218,0.87,28.5
2016-08-06,219,5.34,28.4
2016-08-07,220,0.0,26.8
2016-08-08,221,8.66,28.0
2016-08-09,222,0.0,25.8
2016-08-10,223,0.58,28.2
2016-08-11,224,0.0,30.5
2016-08-12,225,0.0,30.4
2016-08-13,226,1.25,33.3
2016-08-14,227,4.14,28.5
2016-08-15,228,0.0,27.7
2016-08-16,229,0.0,28.2
2016-08-17,230,0.0,27.1
2016-08-18,231,0.0,30.0
2016-08-19,232,9.48,27.4
2016-08-20,233,6.21,28.9
2016-08-21,234,4.55,29.6
2016-08-22,235,0.0,27.2
2016-08-23,236,1.76,27.5
2016-08-24,237,1.18,29.3
2016-08-25,238,1.37,28.8
2016-08-26,239,3.07,27.9
2016-08-27,240,0.0,26.7
2016-08-28,241,0.0,30.7
2016-08-29,242,0.76,29.3
2016-08-30,243,0.0,28.7
2016-08-31,244,1.22,31.2
2016-09-01,245,0.0,31.6
2016-09-02,246,3.26,27.9
2016-09-03,247,4.25,27.4
2016-09-04,248,0.0,32.6
2016-09-05,249,2.18,29.6
2016-09-06,250,0.0,30.7
2016-09-07,251,0.39,28.9
2016-09-08,252,6.02,29.1
2016-09-09,253,0.0,27.9
2016-09-10,254,0.0,30.4
2016-09-11,255,0.0,28.1
2016-09-12,256,2.09,28.7
2016-09-13,257,0.0,28.4
2016-09-14,258,0.0,29.2
2016-09-15,259,0.0,28.4
2016-09-16,260,4.94,28.6
2016-09-17,261,1.73,29.7
2016-09-18,262,6.51,27.7
2016-09-19,263,0.65,31.7
2016-09-20,264,0.0,27.0
2016-09-21,265,1.84,29.5
2016-09-22,266,0.0,31.1
2016-09-23,267,0.0,27.6
2016-09-24,268,0.0,26.5
2016-09-25,269,2.75,31.8
2016-09-26,270,0.0,31.0
2016-09-27,271,0.0,29.1
2016-09-28,272,0.0,30.9
2016-09-29,273,0.38,29.3
2016-09-30,274,1.69,28.6
2016-10-01,275,0.0,28.5
2016-10-02,276,0.0,27.6
2016-10-03,277,4.4,26.2
2016-10-04,278,0.0,27.9
2016-10-05,279,11.62,28.8
2016-10-06,280,3.32,28.7
2016-10-07,281,7.31,28.9
2016-10-08,282,0.0,28.2
2016-10-09,283,2.1,29.2
2016-10-10,284,2.06,27.2
2016-10-11,285,0.0,30.0
2016-10-12,286,8.92,27.8
2016-10-13,287,6.79,27.2
2016-10-14,288,0.43,32.2
2016-10-15,289,0.86,25.3
2016-10-16,290,0.89,29.9
2016-10-17,291,6.2,28.0
2016-10-18,292,6.48,28.8
2016-10-19,293,2.91,28.6
2016-10-20,294,6.33,27.8
2016-10-21,295,11.18,28.1
2016-10-22,296,4.09,29.9
2016-10-23,297,9.72,25.3
2016-10-24,298,9.01,29.8
2016-10-25,299,8.45,29.6
2016-10-26,300,1.85,27.6
2016-10-27,301,9.14,28.8
2016-10-28,302,6.95,27.9
2016-10-29,303,6.43,30.2
2016-10-30,304,11.15,28.6
2016-10-31,305,6.16,28.6
2016-11-01,306,12.87,26.6
2016-11-02,307,10.84,29.5
2016-11-03,308,10.24,27.2
2016-11-04,309,7.69,28.6
2016-11-05,310,13.51,23.5
2016-11-06,311,11.74,25.8
2016-11-07,312,11.48,29.4
2016-11-08,313,5.17,29.8
2016-11-09,314,13.44,26.2
2016-11-10,315,0.18,29.3
2016-11-11,316,9.81,27.5
2016-11-12,317,16.9,29.6
2016-11-13,318,15.38,24.4
2016-11-14,319,14.6,26.6
2016-11-15,320,14.68,30.6
2016-11-16,321,11.63,25.9
2016-11-17,322,7.84,26.8
2016-11-18,323,8.91,28.4
2016-11-19,324,12.99,26.3
2016-11-20,325,12.71,28.3
2016-11-21,326,10.57,25.7
2016-11-22,327,7.4,28.1
2016-11-23,328,4.67,29.9
2016-11-24,329,9.82,27.2
2016-11-25,330,4.05,26.8
2016-11-26,331,9.06,25.4
2016-11-27,332,6.38,26.6
2016-11-28,333,9.44,27.7
2016-11-29,334,10.92,27.0
2016-11-30,335,10.07,27.2
2016-12-01,336,6.78,29.1
2016-12-02,337,13.46,27.4
2016-12-03,338,12.3,21.9
2016-12-04,339,10.52,27.0
2016-12-05,340,9.9,28.6
2016-12-06,341,12.48,24.7
2016-12-07,342,4.07,29.6
2016-12-08,343,1.04,29.9
2016-12-09,344,4.72,27.5
2016-12-10,345,12.11,29.1
2016-12-11,346,1.52,28.6
2016-12-12,347,3.56,29.8
2016-12-13,348,6.56,28.1
2016-12-14,349,5.52,28.9
2016-12-15,350,12.61,28.2
2016-12-16,351,6.31,26.1
2016-12-17,352,9.1,27.9
2016-12-18,353,4.41,30.4
2016-12-19,354,1.4,27.3
2016-12-20,355,12.13,28.2
2016-12-21,356,0.0,29.7
2016-12-22,357,1.31,28.8
2016-12-23,358,3.6,28.3
2016-12-24,359,6.19,30.3
2016-12-25,360,7.74,27.2
2016-12-26,361,5.42,27.7
2016-12-27,362,6.73,28.9
2016-12-28,363,5.39,27.7
2016-12-29,364,11.35,27.0
2016-12-30,365,0.0,30.3
2016-12-31,366,0.0,29.5
2017-01-01,1,7.39,27.7
2017-01-02,2,0.0,29.4
2017-01-03,3,5.08,28.9
2017-01-04,4,7.86,27.3
2017-01-05,5,0.0,27.7
2017-01-06,6,1.1,28.7
2017-01-07,7,2.78,27.9
2017-01-08,8,0.0,27.3
2017-01-09,9,0.7,27.9
2017-01-10,10,4.09,28.6
2017-01-11,11,0.0,29.4
2017-01-12,12,5.29,25.9
2017-01-13,13,1.62,30.6
2017-01-14,14,0.0,29.9
2017-01-15,15,0.88,29.3
2017-01-16,16,0.0,30.6
2017-01-17,17,6.8,27.2
2017-01-18,18,0.0,29.7
2017-01-19,19,0.0,30.2
2017-01-20,20,0.0,28.5
2017-01-21,21,0.0,29.1
2017-01-22,22,1.41,30.4
2017-01-23,23,2.3,28.1
2017-01-24,24,0.0,27.1
2017-01-25,25,0.0,30.4
2017-01-26,26,0.0,30.9
2017-01-27,27,2.77,29.9
2017-01-28,28,0.0,29.7
2017-01-29,29,0.0,25.5
2017-01-30,30,0.0,26.2
2017-01-31,31,4.09,27.0
2017-02-01,32,0.0,28.5
2017-02-02,33,6.62,29.1
2017-02-03,34,3.08,31.7
2017-02-04,35,5.7,28.8
2017-02-05,36,0.0,28.6
2017-02-06,37,4.44,27.5
2017-02-07,38,0.0,30.6
2017-02-08,39,0.35,29.1
2017-02-09,40,5.97,29.2
2017-02-10,41,0.6,30.3
2017-02-11,42,8.84,28.9
2017-02-12,43,0.0,29.6
2017-02-13,44,0.0,29.4
2017-02-14,45,0.0,28.4
2017-02-15,46,0.0,29.4
2017-02-16,47,0.0,28.7
2017-02-17,48,4.51,28.1
2017-02-18,49,0.0,30.2
2017-02-19,50,3.87,27.0
2017-02-20,51,1.5,28.8
2017-02-21,52,4.63,27.0
2017-02-22,53,0.0,28.8
2017-02-23,54,1.63,29.2
2017-02-24,55,1.8,28.6
2017-02-25,56,4.63,29.0
2017-02-26,57,5.48,27.7
2017-02-27,58,4.16,30.0
2017-02-28,59,0.0,28.7
2017-03-01,60,2.89,29.5
2017-03-02,61,3.78,28.4
2017-03-03,62,10.92,26.0
2017-03-04,63,0.0,27.2
2017-03-05,64,3.4,28.1
2017-03-06,65,6.08,27.0
2017-03-07,66,6.09,27.2
2017-03-08,67,7.97,26.4
2017-03-09,68,7.48,27.6
2017-03-10,69,9.4,28.6
2017-03-11,70,2.28,28.9
2017-03-12,71,9.8,27.6
2017-03-13,72,11.74,29.6
2017-03-14,73,11.81,27.3
2017-03-15,74,7.18,26.8
2017-03-16,75,6.04,31.5
2017-03-17,76,5.08,26.9
2017-03-18,77,8.66,27.3
2017-03-19,78,18.47,29.0
2017-03-20,79,8.34,29.5
2017-03-21,80,13.55,26.3
2017-03-22,81,7.17,25.1
2017-03-23,82,10.85,26.3
2017-03-24,83,14.12,24.7
2017-03-25,84,14.03,28.5
2017-03-26,85,12.96,29.5
2017-03-27,86,11.78,27.0
2017-03-28,87,8.56,27.6
2017-03-29,88,16.18,27.0
2017-03-30,89,16.4,27.9
2017-03-31,90,15.12,26.0
2017-04-01,91,14.67,27.6
2017-04-02,92,16.37,25.8
2017-04-03,93,18.36,24.8
2017-04-04,94,21.07,23.8
2017-04-05,95,16.53,26.6
2017-04-06,96,17.08,26.1
2017-04-07,97,18.73,24.8
2017-04-08,98,23.37,25.4
2017-04-09,99,20.5,26.8
2017-04-10,100,18.35,29.3
2017-04-11,101,20.75,28.5
2017-04-12,102,26.3,22.3
2017-04-13,103,17.83,24.1
2017-04-14,104,15.56,26.9
2017-04-15,105,12.78,27.7
2017-04-16,106,16.04,28.7
2017-04-17,107,20.03,24.6
2017-04-18,108,21.71,24.3
2017-04-19,109,23.04,25.3
2017-04-20,110,22.44,25.5
2017-04-21,111,13.69,26.4
2017-04-22,112,18.09,28.0
2017-04-23,113,11.9,26.2
2017-04-24,114,14.85,25.4
2017-04-25,115,19.33,27.9
2017-04-26,116,17.78,27.4
2017-04-27,117,12.75,24.3
2017-04-28,118,12.31,25.9
2017-04-29,119,15.67,28.0
2017-04-30,120,14.9,22.7
2017-05-01,121,11.83,26.2
2017-05-02,122,10.66,26.5
2017-05-03,123,13.9,28.3
2017-05-04,124,14.04,27.3
2017-05-05,125,7.13,29.3
2017-05-06,126,11.47,27.2
2017-05-07,127,13.58,28.5
2017-05-08,128,7.19,30.5
2017-05-09,129,4.9,28.7
2017-05-10,130,10.76,28.6
2017-05-11,131,4.85,27.2
2017-05-12,132,10.18,26.2
2017-05-13,133,11.02,28.8
2017-05-14,134,15.79,28.0
2017-05-15,135,13.92,27.1
2017-05-16,136,11.25,26.6
2017-05-17,137,4.13,31.6
2017-05-18,138,13.53,27.3
2017-05-19,139,1.57,30.3
2017-05-20,140,8.93,26.1
2017-05-21,141,1.48,28.7
2017-05-22,142,5.91,27.0
2017-05-23,143,8.67,28.4
2017-05-24,144,7.74,27.8
2017-05-25,145,0.74,31.5
2017-05-26,146,3.35,24.0
2017-05-27,147,8.37,29.1
2017-05-28,148,7.01,28.7
2017-05-29,149,5.9,28.8
2017-05-30,150,2.6,27.4
2017-05-31,151,5.29,28.0
2017-06-01,152,3.02,29.4
2017-06-02,153,0.0,31.1
2017-06-03,154,8.69,24.8
2017-06-04,155,3.94,26.9
2017-06-05,156,0.0,25.7
2017-06-06,157,3.43,28.4
2017-06-07,158,0.0,27.3
2017-06-08,159,0.01,31.6
2017-06-09,160,9.12,32.0
2017-06-10,161,0.0,30.1
2017-06-11,162,0.3,27.6
2017-06-12,163,0.0,28.6
2017-06-13,164,0.0,27.5
2017-06-14,165,0.0,29.2
2017-06-15,166,0.06,27.4
2017-06-16,167,0.39,30.0
2017-06-17,168,2.75,28.7
2017-06-18,169,0.0,30.0
2017-06-19,170,0.0,27.0
2017-06-20,171,0.0,28.0
2017-06-21,172,1.83,27.5
2017-06-22,173,4.27,27.0
2017-06-23,174,0.0,30.5
2017-06-24,175,0.0,29.7
2017-06-25,176,5.34,27.5
2017-06-26,177,0.72,28.6
2017-06-27,178,0.0,27.5
2017-06-28,179,0.0,29.1
2017-06-29,180,6.29,27.5
2017-06-30,181,0.74,26.9
2017-07-01,182,0.0,26.6
2017-07-02,183,8.02,26.8
2017-07-03,184,5.31,26.8
2017-07-04,185,0.0,28.7
2017-07-05,186,2.63,27.0
2017-07-06,187,9.64,28.8
2017-07-07,188,0.0,25.9
2017-07-08,189,0.0,27.2
2017-07-09,190,1.5,28.5
2017-07-10,191,0.0,31.2
2017-07-11,192,0.0,30.1
2017-07-12,193,1.24,28.7
2017-07-13,194,5.3,25.8
2017-07-14,195,1.39,27.7
2017-07-15,196,2.09,29.3
2017-07-16,197,0.0,28.3
2017-07-17,198,1.52,30.6
2017-07-18,199,0.0,26.5
2017-07-19,200,4.41,29.7
2017-07-20,201,3.13,29.9
2017-07-21,202,4.9,28.9
2017-07-22,203,5.33,28.8
2017-07-23,204,0.0,31.7
2017-07-24,205,6.22,25.4
2017-07-25,206,0.0,28.2
2017-07-26,207,0.97,30.8
2017-07-27,208,1.59,26.5
2017-07-28,209,2.44,27.5
2017-07-29,210,0.0,28.1
2017-07-30,211,0.0,26.8
2017-07-31,212,0.0,28.9
2017-08-01,213,0.0,29.8
2017-08-02,214,4.66,28.0
2017-08-03,215,0.0,28.6
2017-08-04,216,3.1,27.7
2017-08-05,217,5.29,27.8
2017-08-06,218,0.68,28.2
2017-08-07,219,0.0,31.9
2017-08-08,220,0.0,28.9
2017-08-09,221,5.02,26.2
2017-08-10,222,0.0,29.9
2017-08-11,223,0.0,31.0
2017-08-12,224,1.9,29.2
2017-08-13,225,9.28,27.9
2017-08-14,226,0.53,30.2
2017-08-15,227,1.83,29.2
2017-08-16,228,9.49,29.3
2017-08-17,229,0.0,29.3
2017-08-18,230,2.04,25.0
2017-08-19,231,3.62,30.3
2017-08-20,232,2.57,27.4
2017-08-21,233,1.05,29.7
2017-08-22,234,5.51,27.3
2017-08-23,235,6.79,28.6
2017-08-24,236,0.0,28.0
2017-08-25,237,0.0,28.0
2017-08-26,238,2.84,27.0
2017-08-27,239,0.0,30.2
2017-08-28,240,0.0,30.6
2017-08-29,241,0.0,25.9
2017-08-30,242,0.0,29.0
2017-08-31,243,2.16,29.4
2017-09-01,244,1.22,28.8
2017-09-02,245,0.0,25.5
2017-09-03,246,3.53,30.2
2017-09-04,247,1.63,31.0
2017-09-05,248,6.78,28.8
2017-09-06,249,2.16,29.7
2017-09-07,250,4.49,29.5
2017-09-08,251,0.0,30.6
2017-09-09,252,1.0,32.3
2017-09-10,253,0.0,28.8
2017-09-11,254,0.67,29.3
2017-09-12,255,1.24,28.3
2017-09-13,256,1.91,28.2
2017-09-14,257,3.95,29.9
2017-09-15,258,0.0,29.6
2017-09-16,259,7.4,29.0
2017-09-17,260,0.0,30.4
2017-09-18,261,10.27,27.4
2017-09-19,262,1.37,30.4
2017-09-20,263,3.05,29.1
2017-09-21,264,0.0,30.2
2017-09-22,265,0.46,27.0
2017-09-23,266,9.13,28.5
2017-09-24,267,5.88,30.3
2017-09-25,268,7.48,27.4
2017-09-26,269,0.0,30.7
2017-09-27,270,9.22,26.1
2017-09-28,271,0.0,28.4
2017-09-29,272,3.13,30.0
2017-09-30,273,0.0,31.1
2017-10-01,274,8.22,26.9
2017-10-02,275,5.74,27.6
2017-10-03,276,7.8,27.7
2017-10-04,277,0.0,29.6
2017-10-05,278,6.5,28.8
2017-10-06,279,4.74,31.7
2017-10-07,280,11.75,28.9
2017-10-08,281,5.67,28.5
2017-10-09,282,10.75,24.9
2017-10-10,283,5.72,28.1
2017-10-11,284,0.0,30.5
2017-10-12,285,8.59,26.4
2017-10-13,286,8.71,25.8
2017-10-14,287,8.39,26.3
2017-10-15,288,8.99,27.8
2017-10-16,289,5.97,28.5
2017-10-17,290,4.7,27.4
2017-10-18,291,8.71,26.5
2017-10-19,292,5.85,28.3
2017-10-20,293,7.7,28.5
2017-10-21,294,10.46,26.5
2017-10-22,295,9.95,25.4
2017-10-23,296,8.12,28.3
2017-10-24,297,7.66,29.3
2017-10-25,298,5.92,30.4
2017-10-26,299,8.75,28.6
2017-10-27,300,11.2,22.9
2017-10-28,301,10.21,27.3
2017-10-29,302,9.42,26.2
2017-10-30,303,3.13,27.2
2017-10-31,304,12.64,25.5
2017-11-01,305,9.13,29.2
2017-11-02,306,1.31,31.7
2017-11-03,307,6.98,28.6
2017-11-04,308,6.19,28.5
2017-11-05,309,8.73,24.4
2017-11-06,310,8.22,29.1
2017-11-07,311,11.27,27.4
2017-11-08,312,14.33,26.1
2017-11-09,313,15.22,27.1
2017-11-10,314,11.54,27.3
2017-11-11,315,4.51,24.7
2017-11-12,316,14.49,27.2
2017-11-13,317,8.94,26.7
2017-11-14,318,7.38,25.8
2017-11-15,319,9.78,26.4
2017-11-16,320,7.75,28.3
2017-11-17,321,16.47,25.0
2017-11-18,322,11.34,25.8
2017-11-19,323,9.46,29.0
2017-11-20,324,13.68,26.9
2017-11-21,325,9.65,28.2
2017-11-22,326,16.28,24.2
2017-11-23,327,9.21,28.1
2017-11-24,328,13.2,26.8
2017-11-25,329,13.74,27.0
2017-11-26,330,6.31,26.3
2017-11-27,331,9.1,24.3
2017-11-28,332,15.38,26.7
2017-11-29,333,9.0,26.4
2017-11-30,334,6.6,25.4
2017-12-01,335,15.16,23.8
2017-12-02,336,11.48,24.5
2017-12-03,337,5.04,29.9
2017-12-04,338,12.1,26.2
2017-12-05,339,8.36,27.4
2017-12-06,340,10.15,27.1
2017-12-07,341,6.7,29.1
2017-12-08,342,14.54,28.1
2017-12-09,343,7.88,23.6
2017-12-10,344,12.1,27.3
2017-12-11,345,2.91,29.8
2017-12-12,346,9.64,26.9
2017-12-13,347,6.99,29.3
2017-12-14,348,0.0,29.4
2017-12-15,349,6.0,26.8
2017-12-16,350,5.32,27.5
2017-12-17,351,2.28,27.9
2017-12-18,352,16.67,27.3
2017-12-19,353,11.9,28.7
2017-12-20,354,0.0,27.4
2017-12-21,355,7.58,27.7
2017-12-22,356,0.65,29.3
2017-12-23,357,6.49,28.5
2017-12-24,358,0.0,31.1
2017-12-25,359,0.0,26.8
2017-12-26,360,1.97,30.3
2017-12-27,361,3.68,28.4
2017-12-28,362,0.0,28.9
2017-12-29,363,0.0,32.5
2017-12-30,364,3.79,26.5
2017-12-31,365,0.81,27.2
2018-01-01,1,0.0,29.0
2018-01-02,2,3.79,27.9
2018-01-03,3,0.0,29.5
2018-01-04,4,4.16,27.2
2018-01-05,5,0.0,29.1
2018-01-06,6,0.46,27.2
2018-01-07,7,4.3,25.5
2018-01-08,8,0.0,28.1
2018-01-09,9,0.0,29.4
2018-01-10,10,3.61,30.2
2018-01-11,11,2.89,28.5
2018-01-12,12,0.0,29.4
2018-01-13,13,6.16,29.1
2018-01-14,14,0.0,28.0
2018-01-15,15,4.91,26.9
2018-01-16,16,0.0,29.6
2018-01-17,17,0.64,29.4
2018-01-18,18,1.37,28.1
2018-01-19,19,5.02,26.7
2018-01-20,20,2.75,28.8
2018-01-21,21,3.77,29.9
2018-01-22,22,0.0,31.8
2018-01-23,23,6.04,29.0
2018-01-24,24,0.0,32.7
2018-01-25,25,0.0,31.9
2018-01-26,26,0.0,28.5
2018-01-27,27,0.09,30.9
2018-01-28,28,0.0,31.1
2018-01-29,29,6.19,28.6
2018-01-30,30,0.77,29.2
2018-01-31,31,11.39,30.5
2018-02-01,32,0.0,32.8
2018-02-02,33,3.16,26.5
2018-02-03,34,0.0,30.5
2018-02-04,35,1.34,28.4
2018-02-05,36,9.33,28.1
2018-02-06,37,3.58,30.7
2018-02-07,38,0.0,27.5
2018-02-08,39,0.67,30.3
2018-02-09,40,1.14,30.5
2018-02-10,41,0.0,29.7
2018-02-11,42,0.63,29.6
2018-02-12,43,5.03,29.8
2018-02-13,44,1.5,30.9
2018-02-14,45,0.24,30.2
2018-02-15,46,0.0,29.8
2018-02-16,47,0.7,30.6
2018-02-17,48,0.0,25.8
2018-02-18,49,0.91,27.6
2018-02-19,50,4.8,27.7
2018-02-20,51,6.72,29.2
2018-02-21,52,4.82,28.6
2018-02-22,53,4.98,28.7
2018-02-23,54,4.12,28.4
2018-02-24,55,3.93,28.8
2018-02-25,56,0.0,29.7
2018-02-26,57,9.6,28.5
2018-02-27,58,0.0,29.5
2018-02-28,59,4.17,27.6
2018-03-01,60,5.18,27.3
2018-03-02,61,5.42,27.6
2018-03-03,62,4.31,29.6
2018-03-04,63,5.65,29.8
2018-03-05,64,4.47,27.7
2018-03-06,65,4.49,27.3
2018-03-07,66,8.93,27.6
2018-03-08,67,4.14,29.7
2018-03-09,68,5.47,28.1
2018-03-10,69,6.55,32.0
2018-03-11,70,3.51,26.6
2018-03-12,71,9.4,29.1
2018-03-13,72,8.76,28.7
2018-03-14,73,2.88,30.1
2018-03-15,74,13.25,27.0
2018-03-16,75,11.34,26.1
2018-03-17,76,7.88,29.9
2018-03-18,77,1.01,27.6
2018-03-19,78,5.28,27.8
2018-03-20,79,9.52,27.4
2018-03-21,80,5.36,28.3
2018-03-22,81,12.02,26.7
2018-03-23,82,12.94,27.4
2018-03-24,83,8.96,23.0
2018-03-25,84,9.47,29.6
2018-03-26,85,5.79,27.9
2018-03-27,86,11.04,28.2
2018-03-28,87,19.4,25.0
2018-03-29,88,15.46,25.6
2018-03-30,89,9.33,24.4
2018-03-31,90,15.32,27.2
2018-04-01,91,14.88,26.2
2018-04-02,92,14.14,28.9
2018-04-03,93,25.56,26.9
2018-04-04,94,21.75,24.4
2018-04-05,95,22.66,25.6
2018-04-06,96,17.83,28.7
2018-04-07,97,17.73,25.6
2018-04-08,98,20.65,26.3
2018-04-09,99,17.44,24.1
2018-04-10,100,14.19,27.8
2018-04-11,101,18.66,27.2
2018-04-12,102,14.33,27.0
2018-04-13,103,12.79,28.0
2018-04-14,104,21.29,27.2
2018-04-15,105,15.13,27.5
2018-04-16,106,22.3,23.2
2018-04-17,107,15.56,23.2
2018-04-18,108,17.32,24.9
2018-04-19,109,16.07,28.7
2018-04-20,110,22.56,26.6
2018-04-21,111,19.36,25.1
2018-04-22,112,24.56,25.5
2018-04-23,113,19.47,27.0
2018-04-24,114,20.6,26.1
2018-04-25,115,20.14,24.7
2018-04-26,116,14.58,26.8
2018-04-27,117,12.7,25.5
2018-04-28,118,11.13,26.9
2018-04-29,119,12.83,26.7
2018-04-30,120,9.34,25.5
2018-05-01,121,19.35,23.0
2018-05-02,122,18.2,26.9
2018-05-03,123,15.56,29.1
2018-05-04,124,15.85,25.8
2018-05-05,125,8.45,26.1
2018-05-06,126,16.42,26.8
2018-05-07,127,15.05,26.9
2018-05-08,128,10.59,28.5
2018-05-09,129,19.07,26.2
2018-05-10,130,13.46,26.3
2018-05-11,131,12.08,28.1
2018-05-12,132,1.66,29.1
2018-05-13,133,2.06,29.7
2018-05-14,134,4.05,28.6
2018-05-15,135,5.51,27.0
2018-05-16,136,14.25,25.9
2018-05-17,137,5.61,28.9
2018-05-18,138,11.16,28.0
2018-05-19,139,10.4,29.6
2018-05-20,140,13.74,27.1
2018-05-21,141,6.3,27.0
2018-05-22,142,9.35,28.1
2018-05-23,143,10.73,26.9
2018-05-24,144,4.72,27.6
2018-05-25,145,6.0,29.9
2018-05-26,146,3.54,28.5
2018-05-27,147,4.55,29.3
2018-05-28,148,0.0,27.5
2018-05-29,149,0.08,27.6
2018-05-30,150,8.08,26.0
2018-05-31,151,2.87,25.0
2018-06-01,152,8.26,27.1
2018-06-02,153,1.6,27.4
2018-06-03,154,3.3,28.2
2018-06-04,155,0.0,31.0
2018-06-05,156,1.13,28.5
2018-06-06,157,0.0,25.9
2018-06-07,158,4.14,28.6
2018-06-08,159,1.19,28.9
2018-06-09,160,0.0,28.1
2018-06-10,161,4.49,29.4
2018-06-11,162,5.27,27.8
2018-06-12,163,3.59,27.4
2018-06-13,164,2.98,27.4
2018-06-14,165,0.66,27.5
2018-06-15,166,2.75,28.6
2018-06-16,167,2.36,29.5
2018-06-17,168,0.0,29.1
2018-06-18,169,0.0,28.3
2018-06-19,170,0.13,27.9
2018-06-20,171,0.0,30.0
2018-06-21,172,6.47,25.1
2018-06-22,173,1.88,29.4
2018-06-23,174,0.0,29.7
2018-06-24,175,0.0,28.7
2018-06-25,176,1.14,27.8
2018-06-26,177,0.0,27.9
2018-06-27,178,0.0,28.3
2018-06-28,179,0.0,32.2
2018-06-29,180,0.0,29.4
2018-06-30,181,0.0,30.8
2018-07-01,182,0.0,28.7
2018-07-02,183,0.0,27.6
2018-07-03,184,1.01,29.6
2018-07-04,185,0.89,29.7
2018-07-05,186,0.0,29.5
2018-07-06,187,0.0,28.8
2018-07-07,188,0.85,29.6
2018-07-08,189,0.0,30.1
2018-07-09,190,0.0,31.3
2018-07-10,191,3.69,29.8
2018-07-11,192,0.0,29.1
2018-07-12,193,1.44,28.6
2018-07-13,194,0.0,26.5
2018-07-14,195,0.0,29.3
2018-07-15,196,6.67,27.2
2018-07-16,197,0.25,30.2
2018-07-17,198,3.68,26.4
2018-07-18,199,2.38,29.9
2018-07-19,200,3.2,28.6
2018-07-20,201,2.1,26.9
2018-07-21,202,0.0,30.5
2018-07-22,203,0.0,31.3
2018-07-23,204,0.0,27.7
2018-07-24,205,1.84,29.4
2018-07-25,206,0.0,29.5
2018-07-26,207,0.9,27.2
2018-07-27,208,0.0,28.5
2018-07-28,209,0.0,28.8
2018-07-29,210,0.0,26.7
2018-07-30,211,0.0,30.0
2018-07-31,212,2.49,31.9
2018-08-01,213,1.47,27.8
2018-08-02,214,2.64,30.5
2018-08-03,215,1.93,26.4
2018-08-04,216,4.3,29.7
2018-08-05,217,0.0,28.4
2018-08-06,218,3.13,27.8
2018-08-07,219,0.27,29.6
2018-08-08,220,8.57,28.3
2018-08-09,221,6.63,27.8
2018-08-10,222,5.76,26.9
2018-08-11,223,0.0,29.5
2018-08-12,224,0.0,30.1
2018-08-13,225,8.99,31.2
2018-08-14,226,0.22,29.1
2018-08-15,227,0.0,27.1
2018-08-16,228,0.0,27.0
2018-08-17,229,0.0,32.9
2018-08-18,230,0.0,29.0
2018-08-19,231,4.92,31.1
2018-08-20,232,0.0,30.6
2018-08-21,233,0.0,27.9
2018-08-22,234,10.78,29.1
2018-08-23,235,6.75,27.6
2018-08-24,236,0.89,28.1
2018-08-25,237,0.0,31.7
2018-08-26,238,0.0,28.5
2018-08-27,239,3.92,26.5
2018-08-28,240,0.0,28.2
2018-08-29,241,0.0,27.6
2018-08-30,242,2.86,27.4
2018-08-31,243,11.06,29.4
2018-09-01,244,4.9,28.4
2018-09-02,245,9.86,28.4
2018-09-03,246,1.64,30.0
2018-09-04,247,0.0,30.1
2018-09-05,248,0.0,30.8
2018-09-06,249,4.9,25.5
2018-09-07,250,7.38,29.7
2018-09-08,251,0.0,28.1
2018-09-09,252,0.0,29.1
2018-09-10,253,4.86,27.0
2018-09-11,254,0.0,29.0
2018-09-12,255,0.0,28.1
2018-09-13,256,1.09,27.2
2018-09-14,257,0.0,30.2
2018-09-15,258,0.0,29.9
2018-09-16,259,9.17,25.5
2018-09-17,260,0.0,33.7
2018-09-18,261,0.0,31.1
2018-09-19,262,3.14,29.2
2018-09-20,263,5.56,27.2
2018-09-21,264,0.0,29.3
2018-09-22,265,5.18,29.9
2018-09-23,266,2.25,27.1
2018-09-24,267,2.86,29.3
2018-09-25,268,0.0,30.3
2018-09-26,269,6.18,29.4
2018-09-27,270,0.0,31.8
2018-09-28,271,0.79,29.2
2018-09-29,272,4.17,28.1
2018-09-30,273,0.0,28.2
2018-10-01,274,0.32,27.6
2018-10-02,275,0.72,28.5
2018-10-03,276,1.56,30.8
2018-10-04,277,4.68,28.6
2018-10-05,278,3.38,29.3
2018-10-06,279,0.35,30.3
2018-10-07,280,3.05,29.9
2018-10-08,281,0.27,28.1
2018-10-09,282,9.87,25.8
2018-10-10,283,8.82,28.6
2018-10-11,284,7.86,28.2
2018-10-12,285,7.76,27.4
2018-10-13,286,13.03,26.9
2018-10-14,287,6.66,29.4
2018-10-15,288,6.8,26.5
2018-10-16,289,8.29,27.4
2018-10-17,290,7.71,26.9
2018-10-18,291,5.56,26.0
2018-10-19,292,8.69,26.4
2018-10-20,293,7.77,29.1
2018-10-21,294,0.72,29.5
2018-10-22,295,8.33,27.7
2018-10-23,296,8.2,29.1
2018-10-24,297,9.41,25.8
2018-10-25,298,7.25,29.0
2018-10-26,299,14.11,26.6
2018-10-27,300,3.43,29.5
2018-10-28,301,8.11,30.0
2018-10-29,302,13.89,26.9
2018-10-30,303,12.31,26.2
2018-10-31,304,7.48,29.0
2018-11-01,305,12.32,27.3
2018-11-02,306,10.51,28.7
2018-11-03,307,5.18,27.9
2018-11-04,308,5.5,26.9
2018-11-05,309,14.59,24.8
2018-11-06,310,11.5,26.7
2018-11-07,311,21.64,23.6
2018-11-08,312,4.06,27.5
2018-11-09,313,11.75,27.0
2018-11-10,314,0.9,29.3
2018-11-11,315,11.29,27.0
2018-11-12,316,13.83,28.7
2018-11-13,317,5.95,27.2
2018-11-14,318,14.36,25.6
2018-11-15,319,10.85,28.4
2018-11-16,320,8.14,28.7
2018-11-17,321,9.57,26.3
2018-11-18,322,10.55,28.5
2018-11-19,323,14.39,28.3
2018-11-20,324,15.5,25.7
2018-11-21,325,15.72,28.2
2018-11-22,326,14.58,26.2
2018-11-23,327,12.28,25.0
2018-11-24,328,13.61,25.8
2018-11-25,329,18.85,27.7
2018-11-26,330,12.05,27.2
2018-11-27,331,16.48,31.5
2018-11-28,332,7.2,30.7
2018-11-29,333,10.98,27.5
2018-11-30,334,17.42,26.1
2018-12-01,335,12.99,27.4
2018-12-02,336,13.51,25.7
2018-12-03,337,11.08,29.0
2018-12-04,338,9.86,27.5
2018-12-05,339,7.42,29.1
2018-12-06,340,7.01,28.6
2018-12-07,341,13.78,27.4
2018-12-08,342,7.83,28.0
2018-12-09,343,12.99,28.3
2018-12-10,344,12.43,26.5
2018-12-11,345,5.61,28.2
2018-12-12,346,9.11,25.2
2018-12-13,347,9.77,26.8
2018-12-14,348,3.61,27.2
2018-12-15,349,5.46,27.8
2018-12-16,350,1.27,29.5
2018-12-17,351,9.23,25.6
2018-12-18,352,1.17,29.2
2018-12-19,353,6.55,31.5
2018-12-20,354,2.34,28.4
2018-12-21,355,2.31,29.1
2018-12-22,356,2.56,27.0
2018-12-23,357,0.0,30.0
2018-12-24,358,6.48,25.4
2018-12-25,359,0.0,26.3
2018-12-26,360,2.17,29.6
2018-12-27,361,2.81,28.4
2018-12-28,362,8.53,28.0
2018-12-29,363,0.0,27.8
2018-12-30,364,4.23,27.0
2018-12-31,365,0.0,29.5
2019-01-01,1,0.0,30.4
2019-01-02,2,0.0,30.0
2019-01-03,3,0.0,31.2
2019-01-04,4,4.37,29.3
2019-01-05,5,4.58,29.1
2019-01-06,6,0.0,28.9
2019-01-07,7,0.0,28.0
2019-01-08,8,0.0,28.9
2019-01-09,9,0.0,28.1
2019-01-10,10,0.0,31.7
2019-01-11,11,0.0,28.7
2019-01-12,12,0.85,30.0
2019-01-13,13,0.0,28.2
2019-01-14,14,0.0,29.1
2019-01-15,15,2.52,29.7
2019-01-16,16,3.92,28.9
2019-01-17,17,2.27,31.8
2019-01-18,18,0.0,28.6
2019-01-19,19,0.0,29.3
2019-01-20,20,3.99,29.2
2019-01-21,21,5.32,26.3
2019-01-22,22,0.0,29.4
2019-01-23,23,4.7,25.7
2019-01-24,24,0.0,27.6
2019-01-25,25,0.5,27.4
2019-01-26,26,0.25,27.9
2019-01-27,27,0.41,32.9
2019-01-28,28,0.0,30.4
2019-01-29,29,3.97,27.4
2019-01-30,30,0.0,29.0
2019-01-31,31,0.0,29.6
2019-02-01,32,0.0,30.6
2019-02-02,33,0.71,30.6
2019-02-03,34,4.44,31.6
2019-02-04,35,0.0,30.1
2019-02-05,36,0.0,29.8
2019-02-06,37,2.65,29.9
2019-02-07,38,6.94,27.8
2019-02-08,39,0.0,29.7
2019-02-09,40,0.0,29.8
2019-02-10,41,3.71,28.2
2019-02-11,42,5.82,30.0
2019-02-12,43,3.28,30.9
2019-02-13,44,4.71,28.1
2019-02-14,45,2.95,25.5
2019-02-15,46,3.93,30.6
2019-02-16,47,0.95,28.7
2019-02-17,48,4.22,27.9
2019-02-18,49,5.67,31.8
2019-02-19,50,7.23,28.7
2019-02-20,51,0.0,32.4
2019-02-21,52,1.89,28.3
2019-02-22,53,0.76,28.8
2019-02-23,54,5.58,27.2
2019-02-24,55,0.0,28.2
2019-02-25,56,6.7,27.8
2019-02-26,57,0.0,26.4
2019-02-27,58,0.0,26.8
2019-02-28,59,6.04,27.1
2019-03-01,60,1.0,27.4
2019-03-02,61,1.03,25.7
2019-03-03,62,3.02,27.5
2019-03-04,63,0.5,29.3
2019-03-05,64,0.33,31.2
2019-03-06,65,9.83,27.9
2019-03-07,66,11.35,28.6
2019-03-08,67,9.64,28.0
2019-03-09,68,4.44,25.2
2019-03-10,69,5.36,29.1
2019-03-11,70,3.51,27.3
2019-03-12,71,13.58,30.6
2019-03-13,72,6.88,28.3
2019-03-14,73,8.83,28.1
2019-03-15,74,10.66,27.9
2019-03-16,75,8.32,28.0
2019-03-17,76,9.08,27.4
2019-03-18,77,10.01,28.1
2019-03-19,78,7.86,30.0
2019-03-20,79,11.75,27.8
2019-03-21,80,19.3,28.4
2019-03-22,81,10.76,27.8
2019-03-23,82,9.98,28.4
2019-03-24,83,13.7,28.6
2019-03-25,84,9.8,28.6
2019-03-26,85,12.14,28.4
2019-03-27,86,11.11,28.0
2019-03-28,87,15.42,27.6
2019-03-29,88,9.05,27.9
2019-03-30,89,18.26,26.1
2019-03-31,90,14.55,26.3
2019-04-01,91,16.79,27.1
2019-04-02,92,16.93,25.8
2019-04-03,93,11.48,25.8
2019-04-04,94,18.51,27.3
2019-04-05,95,18.11,27.5
2019-04-06,96,17.6,24.5
2019-04-07,97,16.7,26.0
2019-04-08,98,16.1,23.9
2019-04-09,99,14.5,24.7
2019-04-10,100,17.24,26.2
2019-04-11,101,24.71,23.4
2019-04-12,102,16.91,26.9
2019-04-13,103,16.12,27.4
2019-04-14,104,15.53,28.8
2019-04-15,105,17.97,30.0
2019-04-16,106,13.25,27.4
2019-04-17,107,20.16,24.8
2019-04-18,108,18.03,27.7
2019-04-19,109,17.44,27.9
2019-04-20,110,13.34,26.6
2019-04-21,111,16.89,27.3
2019-04-22,112,17.3,26.1
2019-04-23,113,14.18,25.0
2019-04-24,114,11.52,27.4
2019-04-25,115,16.8,25.9
2019-04-26,116,26.63,24.0
2019-04-27,117,15.72,29.1
2019-04-28,118,19.53,26.5
2019-04-29,119,9.1,28.9
2019-04-30,120,15.98,26.7
2019-05-01,121,20.48,25.0
2019-05-02,122,7.79,26.0
2019-05-03,123,2.62,27.5
2019-05-04,124,17.08,29.1
2019-05-05,125,22.51,24.5
2019-05-06,126,4.63,28.3
2019-05-07,127,11.89,28.0
2019-05-08,128,7.07,25.7
2019-05-09,129,10.82,28.6
2019-05-10,130,10.0,27.1
2019-05-11,131,13.99,26.7
2019-05-12,132,0.49,29.6
2019-05-13,133,10.77,29.3
2019-05-14,134,12.57,27.3
2019-05-15,135,10.8,27.0
2019-05-16,136,8.59,27.7
2019-05-17,137,11.96,25.7
2019-05-18,138,9.06,29.2
2019-05-19,139,10.82,26.0
2019-05-20,140,16.28,25.9
2019-05-21,141,6.22,26.9
2019-05-22,142,3.15,27.9
2019-05-23,143,3.81,29.0
2019-05-24,144,2.36,29.8
2019-05-25,145,8.01,29.1
2019-05-26,146,4.67,27.8
2019-05-27,147,0.0,28.1
2019-05-28,148,0.0,29.9
2019-05-29,149,2.81,28.8
2019-05-30,150,8.27,25.8
2019-05-31,151,5.81,29.5
2019-06-01,152,0.0,28.6
2019-06-02,153,2.48,27.0
2019-06-03,154,12.55,27.1
2019-06-04,155,7.94,25.2
2019-06-05,156,1.03,30.0
2019-06-06,157,0.0,26.5
2019-06-07,158,0.0,27.8
2019-06-08,159,0.0,28.4
2019-06-09,160,0.0,26.7
2019-06-10,161,2.62,27.8
2019-06-11,162,0.0,26.8
2019-06-12,163,0.0,28.8
2019-06-13,164,1.17,30.6
2019-06-14,165,4.05,27.5
2019-06-15,166,10.09,27.6
2019-06-16,167,0.0,27.5
2019-06-17,168,0.0,30.1
2019-06-18,169,2.45,30.5
2019-06-19,170,1.74,29.8
2019-06-20,171,3.79,27.7
2019-06-21,172,0.0,29.7
2019-06-22,173,1.14,27.2
2019-06-23,174,0.0,30.8
2019-06-24,175,0.0,27.4
2019-06-25,176,1.97,30.8
2019-06-26,177,0.0,28.3
2019-06-27,178,0.0,30.4
2019-06-28,179,0.0,29.9
2019-06-29,180,0.0,31.6
2019-06-30,181,6.42,27.8
2019-07-01,182,5.17,28.1
2019-07-02,183,2.94,30.0
2019-07-03,184,5.1,29.4
2019-07-04,185,0.0,30.6
2019-07-05,186,3.47,29.5
2019-07-06,187,0.0,28.9
2019-07-07,188,0.0,29.7
2019-07-08,189,1.36,29.9
2019-07-09,190,0.0,30.4
2019-07-10,191,0.0,29.7
2019-07-11,192,14.34,25.3
2019-07-12,193,4.3,28.0
2019-07-13,194,0.0,28.8
2019-07-14,195,5.82,27.4
2019-07-15,196,0.0,27.8
2019-07-16,197,0.0,31.7
2019-07-17,198,0.0,30.9
2019-07-18,199,0.0,30.0
2019-07-19,200,0.0,30.0
2019-07-20,201,1.14,28.7
2019-07-21,202,0.28,30.7
2019-07-22,203,1.91,29.9
2019-07-23,204,0.98,30.1
2019-07-24,205,1.01,32.1
2019-07-25,206,0.0,29.8
2019-07-26,207,0.0,28.1
2019-07-27,208,0.0,28.9
2019-07-28,209,0.0,29.8
2019-07-29,210,0.0,27.8
2019-07-30,211,0.0,29.7
2019-07-31,212,2.4,28.3
2019-08-01,213,0.17,28.3
2019-08-02,214,4.16,28.6
2019-08-03,215,1.24,30.2
2019-08-04,216,2.88,27.9
2019-08-05,217,2.86,31.5
2019-08-06,218,0.22,24.5
2019-08-07,219,1.69,30.6
2019-08-08,220,0.1,27.4
2019-08-09,221,0.0,29.8
2019-08-10,222,0.0,29.6
2019-08-11,223,0.0,30.9
2019-08-12,224,10.3,27.3
2019-08-13,225,0.0,31.0
2019-08-14,226,5.28,27.5
2019-08-15,227,7.7,30.8
2019-08-16,228,0.28,29.3
2019-08-17,229,1.89,29.4
2019-08-18,230,0.0,30.8
2019-08-19,231,3.07,28.4
2019-08-20,232,0.0,30.5
2019-08-21,233,0.58,27.8
2019-08-22,234,0.0,31.6
2019-08-23,235,3.85,31.3
2019-08-24,236,4.83,28.7
2019-08-25,237,3.09,29.4
2019-08-26,238,0.54,28.4
2019-08-27,239,9.61,30.6
2019-08-28,240,0.0,28.1
2019-08-29,241,0.0,28.3
2019-08-30,242,0.0,25.8
2019-08-31,243,2.05,29.0
2019-09-01,244,5.38,30.5
2019-09-02,245,0.0,28.3
2019-09-03,246,1.33,28.3
2019-09-04,247,5.02,27.6
2019-09-05,248,0.12,29.0
2019-09-06,249,0.0,31.4
2019-09-07,250,8.16,29.5
2019-09-08,251,1.03,29.2
2019-09-09,252,0.46,30.9
2019-09-10,253,0.0,31.1
2019-09-11,254,6.99,27.0
2019-09-12,255,0.0,26.7
2019-09-13,256,0.0,30.5
2019-09-14,257,5.9,27.1
2019-09-15,258,1.39,28.2
2019-09-16,259,3.63,28.7
2019-09-17,260,0.75,28.7
2019-09-18,261,5.6,28.4
2019-09-19,262,9.13,26.8
2019-09-20,263,2.02,28.3
2019-09-21,264,6.84,25.8
2019-09-22,265,0.36,26.6
2019-09-23,266,0.0,27.2
2019-09-24,267,3.53,24.5
2019-09-25,268,0.0,29.9
2019-09-26,269,2.51,28.4
2019-09-27,270,0.0,29.0
2019-09-28,271,0.0,28.8
2019-09-29,272,2.93,28.0
2019-09-30,273,5.94,26.0
2019-10-01,274,11.15,28.3
2019-10-02,275,0.0,27.4
2019-10-03,276,3.87,28.7
2019-10-04,277,7.02,26.6
2019-10-05,278,5.88,25.2
2019-10-06,279,1.44,27.0
2019-10-07,280,13.21,25.6
2019-10-08,281,8.13,26.2
2019-10-09,282,4.32,28.1
2019-10-10,283,0.21,28.5
2019-10-11,284,5.73,28.0
2019-10-12,285,10.32,26.1
2019-10-13,286,0.05,30.5
2019-10-14,287,8.82,25.8
2019-10-15,288,14.62,24.7
2019-10-16,289,0.0,31.0
2019-10-17,290,11.19,26.1
2019-10-18,291,11.61,28.1
2019-10-19,292,1.15,30.5
2019-10-20,293,8.61,29.2
2019-10-21,294,4.79,29.0
2019-10-22,295,10.66,27.6
2019-10-23,296,0.99,26.6
2019-10-24,297,4.4,27.0
2019-10-25,298,7.29,26.3
2019-10-26,299,9.37,26.9
2019-10-27,300,11.72,28.1
2019-10-28,301,8.95,22.4
2019-10-29,302,14.69,27.5
2019-10-30,303,7.11,26.5
2019-10-31,304,9.59,28.8
2019-11-01,305,11.63,29.7
2019-11-02,306,8.28,30.3
2019-11-03,307,10.61,26.4
2019-11-04,308,12.23,25.4
2019-11-05,309,10.82,26.7
2019-11-06,310,10.43,25.5
2019-11-07,311,9.92,26.0
2019-11-08,312,4.91,28.7
2019-11-09,313,9.63,28.2
2019-11-10,314,9.99,26.9
2019-11-11,315,14.76,27.9
2019-11-12,316,16.29,24.9
2019-11-13,317,7.42,29.4
2019-11-14,318,10.4,27.6
2019-11-15,319,14.68,26.8
2019-11-16,320,12.56,25.9
2019-11-17,321,7.99,28.9
2019-11-18,322,17.69,23.1
2019-11-19,323,9.54,29.0
2019-11-20,324,13.46,27.6
2019-11-21,325,9.79,26.8
2019-11-22,326,9.96,28.9
2019-11-23,327,11.29,25.3
2019-11-24,328,7.89,26.1
2019-11-25,329,14.0,25.4
2019-11-26,330,10.26,29.7
2019-11-27,331,10.88,27.3
2019-11-28,332,7.13,27.3
2019-11-29,333,11.7,28.5
2019-11-30,334,7.17,26.6
2019-12-01,335,13.89,28.2
2019-12-02,336,12.33,26.6
2019-12-03,337,9.86,29.3
2019-12-04,338,7.27,30.2
2019-12-05,339,2.72,27.9
2019-12-06,340,9.03,29.3
2019-12-07,341,5.73,28.3
2019-12-08,342,5.98,27.5
2019-12-09,343,8.65,27.7
2019-12-10,344,5.19,28.2
2019-12-11,345,1.33,29.2
2019-12-12,346,4.34,26.9
2019-12-13,347,11.17,28.0
2019-12-14,348,8.09,27.6
2019-12-15,349,7.17,28.7
2019-12-16,350,5.76,27.3
2019-12-17,351,4.6,28.6
2019-12-18,352,13.03,27.8
2019-12-19,353,10.33,28.1
2019-12-20,354,4.73,27.9
2019-12-21,355,0.0,29.5
2019-12-22,356,0.62,26.7
2019-12-23,357,9.64,25.8
2019-12-24,358,0.0,29.9
2019-12-25,359,3.18,31.2
2019-12-26,360,0.35,30.2
2019-12-27,361,5.93,28.9
2019-12-28,362,4.27,27.4
2019-12-29,363,1.98,25.7
2019-12-30,364,1.07,26.5
2019-12-31,365,2.15,29.2
2020-01-01,1,4.78,27.9
2020-01-02,2,3.01,29.8
2020-01-03,3,0.0,29.8
2020-01-04,4,7.71,28.0
2020-01-05,5,0.0,28.9
2020-01-06,6,2.46,29.3
2020-01-07,7,2.13,28.2
2020-01-08,8,2.22,28.5
2020-01-09,9,0.0,29.2
2020-01-10,10,0.0,29.3
2020-01-11,11,0.0,30.3
2020-01-12,12,5.8,28.8
2020-01-13,13,4.62,28.8
2020-01-14,14,0.0,28.5
2020-01-15,15,0.0,27.3
2020-01-16,16,1.55,28.7
2020-01-17,17,0.0,27.0
2020-01-18,18,0.0,26.4
2020-01-19,19,0.07,29.3
2020-01-20,20,0.0,28.3
2020-01-21,21,3.13,31.7
2020-01-22,22,2.21,29.4
2020-01-23,23,4.21,27.5
2020-01-24,24,0.0,28.6
2020-01-25,25,0.0,25.4
2020-01-26,26,1.94,31.5
2020-01-27,27,0.37,31.5
2020-01-28,28,1.18,29.9
2020-01-29,29,0.0,30.6
2020-01-30,30,1.95,27.5
2020-01-31,31,0.0,26.4
2020-02-01,32,5.31,25.5
2020-02-02,33,1.31,29.3
2020-02-03,34,3.57,28.2
2020-02-04,35,0.0,26.6
2020-02-05,36,1.34,28.2
2020-02-06,37,6.35,27.8
2020-02-07,38,0.0,30.0
2020-02-08,39,0.0,29.2
2020-02-09,40,0.0,30.6
2020-02-10,41,2.29,29.1
2020-02-11,42,3.77,29.1
2020-02-12,43,0.77,28.7
2020-02-13,44,2.75,31.3
2020-02-14,45,2.81,30.8
2020-02-15,46,7.72,27.5
2020-02-16,47,7.17,26.9
2020-02-17,48,1.03,27.9
2020-02-18,49,2.67,30.2
2020-02-19,50,6.49,28.9
2020-02-20,51,0.06,31.4
2020-02-21,52,9.1,27.6
2020-02-22,53,0.16,29.1
2020-02-23,54,5.81,28.2
2020-02-24,55,0.0,28.5
2020-02-25,56,0.0,29.3
2020-02-26,57,8.91,28.9
2020-02-27,58,5.77,28.3
2020-02-28,59,3.4,29.2
2020-02-29,60,4.59,28.4
2020-03-01,61,1.32,27.7
2020-03-02,62,2.61,28.3
2020-03-03,63,0.39,26.8
2020-03-04,64,5.78,27.4
2020-03-05,65,2.88,29.0
2020-03-06,66,0.0,26.4
2020-03-07,67,7.26,26.8
2020-03-08,68,7.42,30.4
2020-03-09,69,2.32,28.7
2020-03-10,70,12.07,28.9
2020-03-11,71,11.6,25.4
2020-03-12,72,3.08,30.0
2020-03-13,73,12.8,27.1
2020-03-14,74,8.57,26.6
2020-03-15,75,8.45,25.4
2020-03-16,76,10.49,30.3
2020-03-17,77,10.77,30.4
2020-03-18,78,4.75,28.5
2020-03-19,79,9.52,27.3
2020-03-20,80,10.18,27.5
2020-03-21,81,10.12,27.1
2020-03-22,82,14.11,27.3
2020-03-23,83,8.22,26.4
2020-03-24,84,6.59,27.6
2020-03-25,85,21.72,25.1
2020-03-26,86,10.92,25.4
2020-03-27,87,10.3,30.2
2020-03-28,88,12.02,26.0
2020-03-29,89,13.72,28.3
2020-03-30,90,9.33,28.1
2020-03-31,91,15.93,25.0
2020-04-01,92,13.5,28.2
2020-04-02,93,13.66,29.2
2020-04-03,94,17.23,24.9
2020-04-04,95,13.63,23.4
2020-04-05,96,17.99,26.2
2020-04-06,97,17.7,25.0
2020-04-07,98,25.09,25.1
2020-04-08,99,19.16,30.0
2020-04-09,100,15.43,27.5
2020-04-10,101,10.3,24.1
2020-04-11,102,21.3,25.8
2020-04-12,103,19.28,24.6
2020-04-13,104,20.05,26.7
2020-04-14,105,20.8,25.7
2020-04-15,106,19.72,24.7
2020-04-16,107,19.53,27.7
2020-04-17,108,14.77,29.2
2020-04-18,109,17.27,28.3
2020-04-19,110,24.88,25.1
2020-04-20,111,19.24,26.5
2020-04-21,112,11.81,26.7
2020-04-22,113,14.75,26.9
2020-04-23,114,11.8,27.9
2020-04-24,115,18.11,26.4
2020-04-25,116,20.39,24.4
2020-04-26,117,16.46,29.1
2020-04-27,118,20.66,23.4
2020-04-28,119,17.09,27.7
2020-04-29,120,20.62,24.3
2020-04-30,121,20.02,25.5
2020-05-01,122,9.57,27.4
2020-05-02,123,13.69,25.3
2020-05-03,124,16.75,28.1
2020-05-04,125,15.87,25.3
2020-05-05,126,14.61,28.2
2020-05-06,127,9.1,26.8
2020-05-07,128,16.39,26.4
2020-05-08,129,14.08,24.4
2020-05-09,130,22.55,25.2
2020-05-10,131,15.29,28.0
2020-05-11,132,7.99,28.3
2020-05-12,133,5.63,26.8
2020-05-13,134,6.77,27.6
2020-05-14,135,7.33,29.7
2020-05-15,136,8.53,27.8
2020-05-16,137,5.51,25.7
2020-05-17,138,7.77,27.0
2020-05-18,139,7.77,27.5
2020-05-19,140,12.05,23.5
2020-05-20,141,10.33,25.2
2020-05-21,142,10.84,22.7
2020-05-22,143,12.73,30.7
2020-05-23,144,8.82,27.3
2020-05-24,145,8.95,29.5
2020-05-25,146,6.22,27.9
2020-05-26,147,0.0,32.5
2020-05-27,148,8.23,29.3
2020-05-28,149,9.21,26.5
2020-05-29,150,6.5,28.7
2020-05-30,151,0.0,28.6
2020-05-31,152,2.8,28.8
2020-06-01,153,5.93,29.6
2020-06-02,154,0.0,30.6
2020-06-03,155,0.0,29.3
2020-06-04,156,0.0,28.4
2020-06-05,157,4.1,30.2
2020-06-06,158,3.46,27.1
2020-06-07,159,0.59,27.5
2020-06-08,160,3.07,28.6
2020-06-09,161,0.0,25.5
2020-06-10,162,0.0,28.2
2020-06-11,163,8.4,26.2
2020-06-12,164,2.83,27.6
2020-06-13,165,0.37,28.1
2020-06-14,166,4.2,31.5
2020-06-15,167,0.0,29.3
2020-06-16,168,2.64,31.0
2020-06-17,169,0.0,28.7
2020-06-18,170,0.0,30.3
2020-06-19,171,3.6,28.0
2020-06-20,172,7.22,27.4
2020-06-21,173,3.92,26.8
2020-06-22,174,7.18,27.4
2020-06-23,175,5.7,32.2
2020-06-24,176,0.0,28.9
2020-06-25,177,0.0,30.9
2020-06-26,178,0.0,30.2
2020-06-27,179,0.0,30.5
2020-06-28,180,0.0,30.2
2020-06-29,181,0.0,28.5
2020-06-30,182,3.61,26.4
2020-07-01,183,3.96,30.1
2020-07-02,184,0.0,28.5
2020-07-03,185,1.11,31.4
2020-07-04,186,0.0,31.0
2020-07-05,187,0.0,29.2
2020-07-06,188,0.99,29.7
2020-07-07,189,0.0,25.7
2020-07-08,190,0.0,28.0
2020-07-09,191,0.81,27.7
2020-07-10,192,0.0,26.1
2020-07-11,193,0.0,28.3
2020-07-12,194,7.17,28.2
2020-07-13,195,3.61,25.9
2020-07-14,196,0.0,30.4
2020-07-15,197,2.4,27.4
2020-07-16,198,9.74,28.8
2020-07-17,199,0.0,28.0
2020-07-18,200,0.0,28.7
2020-07-19,201,3.02,31.4
2020-07-20,202,1.27,29.2
2020-07-21,203,0.0,26.1
2020-07-22,204,0.73,27.5
2020-07-23,205,1.65,29.9
2020-07-24,206,0.16,29.7
2020-07-25,207,0.0,29.7
2020-07-26,208,0.0,29.6
2020-07-27,209,0.81,31.8
2020-07-28,210,0.0,29.1
2020-07-29,211,0.0,28.7
2020-07-30,212,5.99,28.2
2020-07-31,213,4.12,28.1
2020-08-01,214,1.59,29.6
2020-08-02,215,8.0,26.7
2020-08-03,216,0.0,28.9
2020-08-04,217,0.0,28.7
2020-08-05,218,0.0,29.6
2020-08-06,219,0.0,28.0
2020-08-07,220,0.0,25.5
2020-08-08,221,0.92,30.7
2020-08-09,222,0.0,28.0
2020-08-10,223,0.0,28.9
2020-08-11,224,0.0,26.1
2020-08-12,225,2.48,30.6
2020-08-13,226,0.47,30.9
2020-08-14,227,1.14,30.7
2020-08-15,228,2.25,30.3
2020-08-16,229,0.0,30.6
2020-08-17,230,0.0,29.7
2020-08-18,231,0.0,28.7
2020-08-19,232,0.0,31.0
2020-08-20,233,8.61,28.9
2020-08-21,234,0.0,26.9
2020-08-22,235,3.2,27.5
2020-08-23,236,0.0,27.9
2020-08-24,237,0.0,28.8
2020-08-25,238,0.27,28.8
2020-08-26,239,0.0,28.7
2020-08-27,240,0.41,30.8
2020-08-28,241,0.0,31.4
2020-08-29,242,0.0,29.1
2020-08-30,243,0.0,26.1
2020-08-31,244,0.0,30.0
2020-09-01,245,0.0,28.3
2020-09-02,246,0.0,31.9
2020-09-03,247,0.0,29.0
2020-09-04,248,1.8,30.8
2020-09-05,249,0.0,26.9
2020-09-06,250,0.0,27.1
2020-09-07,251,3.27,28.3
2020-09-08,252,1.93,30.1
2020-09-09,253,0.0,30.7
2020-09-10,254,0.0,28.7
2020-09-11,255,0.0,29.3
2020-09-12,256,0.0,28.5
2020-09-13,257,6.98,29.8
2020-09-14,258,0.0,25.5
2020-09-15,259,0.0,31.3
2020-09-16,260,2.94,30.0
2020-09-17,261,4.37,27.7
2020-09-18,262,0.0,29.1
2020-09-19,263,6.86,26.6
2020-09-20,264,7.1,30.0
2020-09-21,265,0.0,29.2
2020-09-22,266,0.0,28.0
2020-09-23,267,8.05,31.2
2020-09-24,268,0.76,29.1
2020-09-25,269,0.0,29.0
2020-09-26,270,0.05,27.4
2020-09-27,271,5.33,27.1
2020-09-28,272,9.71,28.8
2020-09-29,273,2.17,26.3
2020-09-30,274,0.59,30.8
2020-10-01,275,1.32,27.6
2020-10-02,276,0.73,28.2
2020-10-03,277,4.61,30.2
2020-10-04,278,1.03,29.1
2020-10-05,279,4.66,26.8
2020-10-06,280,7.31,28.1
2020-10-07,281,0.6,26.4
2020-10-08,282,5.61,28.2
2020-10-09,283,6.02,31.2
2020-10-10,284,6.79,27.0
2020-10-11,285,2.79,26.8
2020-10-12,286,3.77,27.9
2020-10-13,287,10.16,27.3
2020-10-14,288,4.18,28.7
2020-10-15,289,5.64,28.9
2020-10-16,290,1.84,25.2
2020-10-17,291,5.39,27.8
2020-10-18,292,6.96,29.1
2020-10-19,293,5.52,27.9
2020-10-20,294,11.21,29.7
2020-10-21,295,11.7,24.6
2020-10-22,296,10.63,25.0
2020-10-23,297,12.32,26.4
2020-10-24,298,11.97,30.9
2020-10-25,299,2.15,25.9
2020-10-26,300,17.59,25.8
2020-10-27,301,4.63,29.7
2020-10-28,302,5.87,27.4
2020-10-29,303,10.53,26.7
2020-10-30,304,13.51,28.3
2020-10-31,305,12.14,29.2
2020-11-01,306,17.0,26.3
2020-11-02,307,12.95,26.2
2020-11-03,308,6.44,26.5
2020-11-04,309,13.73,25.1
2020-11-05,310,11.13,27.7
2020-11-06,311,16.05,26.0
2020-11-07,312,13.55,27.3
2020-11-08,313,16.78,24.6
2020-11-09,314,10.99,25.6
2020-11-10,315,6.97,26.6
2020-11-11,316,10.97,26.6
2020-11-12,317,17.22,25.4
2020-11-13,318,10.2,25.2
2020-11-14,319,8.87,29.1
2020-11-15,320,10.32,26.6
2020-11-16,321,11.8,24.3
2020-11-17,322,8.2,27.0
2020-11-18,323,6.76,29.4
2020-11-19,324,8.17,28.7
2020-11-20,325,9.11,27.5
2020-11-21,326,10.5,27.6
2020-11-22,327,12.1,27.6
2020-11-23,328,11.02,26.1
2020-11-24,329,6.46,27.1
2020-11-25,330,24.29,25.9
2020-11-26,331,6.11,29.1
2020-11-27,332,9.97,28.9
2020-11-28,333,7.64,30.9
2020-11-29,334,9.81,29.1
2020-11-30,335,9.44,28.1
2020-12-01,336,6.02,27.4
2020-12-02,337,12.86,24.9
2020-12-03,338,6.14,28.7
2020-12-04,339,10.76,26.8
2020-12-05,340,8.14,30.5
2020-12-06,341,2.67,27.9
2020-12-07,342,12.64,28.1
2020-12-08,343,11.72,27.2
2020-12-09,344,2.42,31.0
2020-12-10,345,9.07,27.1
2020-12-11,346,7.45,27.3
2020-12-12,347,5.17,30.0
2020-12-13,348,11.94,30.2
2020-12-14,349,0.06,27.2
2020-12-15,350,5.11,29.1
2020-12-16,351,9.63,28.4
2020-12-17,352,0.0,29.9
2020-12-18,353,8.67,26.1
2020-12-19,354,13.69,26.0
2020-12-20,355,4.88,27.0
2020-12-21,356,6.47,30.5
2020-12-22,357,2.53,29.3
2020-12-23,358,5.24,29.5
2020-12-24,359,6.93,27.0
2020-12-25,360,4.26,31.8
2020-12-26,361,4.82,29.5
2020-12-27,362,0.0,27.8
2020-12-28,363,6.92,28.3
2020-12-29,364,0.97,27.2
2020-12-30,365,4.42,27.5
2020-12-31,366,0.0,30.1
2021-01-01,1,1.09,28.9
2021-01-02,2,7.77,28.5
2021-01-03,3,0.64,27.7
2021-01-04,4,4.42,27.4
2021-01-05,5,0.0,27.8
2021-01-06,6,0.0,29.6
2021-01-07,7,3.54,30.5
2021-01-08,8,0.0,27.2
2021-01-09,9,0.0,29.3
2021-01-10,10,0.0,29.8
2021-01-11,11,3.28,32.6
2021-01-12,12,0.0,31.0
2021-01-13,13,0.0,32.4
2021-01-14,14,0.0,29.6
2021-01-15,15,6.31,29.6
2021-01-16,16,1.16,29.2
2021-01-17,17,0.25,30.1
2021-01-18,18,7.13,29.2
2021-01-19,19,2.43,28.4
2021-01-20,20,6.91,26.6
2021-01-21,21,0.78,29.9
2021-01-22,22,0.0,30.8
2021-01-23,23,0.0,29.0
2021-01-24,24,0.0,27.5
2021-01-25,25,6.49,28.1
2021-01-26,26,0.0,29.6
2021-01-27,27,1.13,29.1
2021-01-28,28,1.06,27.8
2021-01-29,29,7.39,26.4
2021-01-30,30,5.41,29.0
2021-01-31,31,4.4,27.4
2021-02-01,32,2.64,28.1
2021-02-02,33,6.53,28.0
2021-02-03,34,1.33,29.7
2021-02-04,35,0.0,29.0
2021-02-05,36,2.48,27.3
2021-02-06,37,0.96,27.1
2021-02-07,38,0.0,30.5
2021-02-08,39,4.54,27.1
2021-02-09,40,4.21,29.6
2021-02-10,41,0.0,28.8
2021-02-11,42,4.07,29.9
2021-02-12,43,2.7,30.1
2021-02-13,44,1.8,29.4
2021-02-14,45,0.99,30.4
2021-02-15,46,2.82,28.6
2021-02-16,47,0.0,32.2
2021-02-17,48,0.0,29.4
2021-02-18,49,6.83,25.8
2021-02-19,50,4.43,27.9
2021-02-20,51,2.56,28.1
2021-02-21,52,0.0,29.8
2021-02-22,53,0.0,30.7
2021-02-23,54,0.0,29.2
2021-02-24,55,1.41,30.1
2021-02-25,56,0.0,30.8
2021-02-26,57,0.0,29.5
2021-02-27,58,0.0,29.7
2021-02-28,59,0.0,29.0
2021-03-01,60,16.97,24.7
2021-03-02,61,2.05,26.8
2021-03-03,62,7.4,25.9
2021-03-04,63,4.1,28.4
2021-03-05,64,4.93,29.9
2021-03-06,65,11.5,26.4
2021-03-07,66,1.78,26.0
2021-03-08,67,4.29,26.6
2021-03-09,68,5.14,29.3
2021-03-10,69,5.92,25.6
2021-03-11,70,6.96,30.4
2021-03-12,71,8.61,25.6
2021-03-13,72,0.63,28.1
2021-03-14,73,7.1,28.3
2021-03-15,74,6.33,26.0
2021-03-16,75,5.4,26.8
2021-03-17,76,6.24,27.3
2021-03-18,77,11.07,25.4
2021-03-19,78,10.43,30.1
2021-03-20,79,8.45,26.6
2021-03-21,80,1.38,30.8
2021-03-22,81,6.85,28.9
2021-03-23,82,13.98,26.5
2021-03-24,83,12.66,28.2
2021-03-25,84,13.57,26.0
2021-03-26,85,17.72,28.7
2021-03-27,86,9.5,26.7
2021-03-28,87,12.78,26.4
2021-03-29,88,16.65,26.9
2021-03-30,89,8.81,27.1
2021-03-31,90,13.85,27.2
2021-04-01,91,18.99,26.1
2021-04-02,92,12.73,27.8
2021-04-03,93,15.34,24.2
2021-04-04,94,14.76,26.5
2021-04-05,95,18.08,25.8
2021-04-06,96,18.67,24.6
2021-04-07,97,22.24,24.1
2021-04-08,98,22.69,27.4
2021-04-09,99,21.4,28.5
2021-04-10,100,16.59,27.1
2021-04-11,101,15.54,23.9
2021-04-12,102,15.64,25.2
2021-04-13,103,21.76,27.5
2021-04-14,104,18.12,25.5
2021-04-15,105,20.36,26.3
2021-04-16,106,26.45,26.0
2021-04-17,107,18.37,26.3
2021-04-18,108,11.13,30.3
2021-04-19,109,19.45,26.8
2021-04-20,110,19.36,25.9
2021-04-21,111,15.31,28.8
2021-04-22,112,15.84,25.3
2021-04-23,113,11.38,28.8
2021-04-24,114,22.19,26.3
2021-04-25,115,20.44,25.6
2021-04-26,116,16.74,26.0
2021-04-27,117,13.75,28.9
2021-04-28,118,15.54,27.2
2021-04-29,119,14.34,28.5
2021-04-30,120,10.34,26.6
2021-05-01,121,12.13,26.8
2021-05-02,122,11.91,25.6
2021-05-03,123,12.63,26.7
2021-05-04,124,17.48,28.6
2021-05-05,125,14.09,26.4
2021-05-06,126,9.45,27.3
2021-05-07,127,15.25,24.4
2021-05-08,128,6.16,29.1
2021-05-09,129,16.15,29.9
2021-05-10,130,10.46,28.4
2021-05-11,131,7.69,29.6
2021-05-12,132,11.49,27.6
2021-05-13,133,13.15,27.7
2021-05-14,134,11.02,27.8
2021-05-15,135,14.36,25.8
2021-05-16,136,11.04,29.6
2021-05-17,137,8.74,29.3
2021-05-18,138,2.66,28.8
2021-05-19,139,6.2,29.7
2021-05-20,140,3.03,29.2
2021-05-21,141,6.2,29.8
2021-05-22,142,2.92,27.8
2021-05-23,143,0.0,27.3
2021-05-24,144,0.0,28.4
2021-05-25,145,7.76,29.3
2021-05-26,146,7.95,28.0
2021-05-27,147,1.06,29.5
2021-05-28,148,3.37,25.6
2021-05-29,149,0.02,30.2
2021-05-30,150,7.81,28.4
2021-05-31,151,4.17,26.6
2021-06-01,152,6.64,28.5
2021-06-02,153,0.0,29.4
2021-06-03,154,1.88,30.3
2021-06-04,155,9.79,25.6
2021-06-05,156,0.0,25.5
2021-06-06,157,0.0,28.3
2021-06-07,158,4.7,29.5
2021-06-08,159,0.0,27.5
2021-06-09,160,0.0,28.3
2021-06-10,161,0.0,31.9
2021-06-11,162,0.0,29.4
2021-06-12,163,1.76,26.5
2021-06-13,164,0.0,29.2
2021-06-14,165,9.31,29.1
2021-06-15,166,0.0,30.9
2021-06-16,167,0.0,30.3
2021-06-17,168,0.0,30.1
2021-06-18,169,0.0,29.7
2021-06-19,170,2.57,30.1
2021-06-20,171,0.0,28.7
2021-06-21,172,0.0,28.1
2021-06-22,173,2.85,27.3
2021-06-23,174,1.45,27.3
2021-06-24,175,3.41,26.1
2021-06-25,176,4.28,27.2
2021-06-26,177,0.0,28.1
2021-06-27,178,1.39,27.5
2021-06-28,179,3.38,28.9
2021-06-29,180,0.0,31.1
2021-06-30,181,0.0,29.9
2021-07-01,182,2.21,28.2
2021-07-02,183,0.62,27.9
2021-07-03,184,0.0,26.9
2021-07-04,185,0.28,29.4
2021-07-05,186,0.0,29.5
2021-07-06,187,0.0,27.7
2021-07-07,188,3.15,26.9
2021-07-08,189,0.0,28.1
2021-07-09,190,0.0,29.0
2021-07-10,191,3.37,28.1
2021-07-11,192,4.05,30.3
2021-07-12,193,0.0,28.7
2021-07-13,194,4.1,30.0
2021-07-14,195,0.0,27.3
2021-07-15,196,0.0,31.2
2021-07-16,197,2.93,28.6
2021-07-17,198,0.0,30.6
2021-07-18,199,0.38,30.6
2021-07-19,200,0.0,28.1
2021-07-20,201,9.15,27.5
2021-07-21,202,0.0,28.8
2021-07-22,203,0.0,30.4
2021-07-23,204,1.14,26.8
2021-07-24,205,3.94,29.5
2021-07-25,206,0.0,28.2
2021-07-26,207,0.0,28.8
2021-07-27,208,3.24,27.4
2021-07-28,209,0.0,31.0
2021-07-29,210,0.0,32.0
2021-07-30,211,4.28,29.6
2021-07-31,212,3.11,28.3
2021-08-01,213,0.0,30.2
2021-08-02,214,3.21,25.8
2021-08-03,215,0.0,29.9
2021-08-04,216,4.86,30.0
2021-08-05,217,0.0,27.4
2021-08-06,218,0.0,28.9
2021-08-07,219,0.0,31.4
2021-08-08,220,4.03,27.5
2021-08-09,221,0.0,29.0
2021-08-10,222,0.0,30.3
2021-08-11,223,0.0,28.5
2021-08-12,224,0.0,26.7
2021-08-13,225,0.0,28.9
2021-08-14,226,0.0,28.5
2021-08-15,227,3.09,28.6
2021-08-16,228,1.18,30.0
2021-08-17,229,0.0,29.4
2021-08-18,230,0.59,26.1
2021-08-19,231,0.0,29.3
2021-08-20,232,0.0,30.6
2021-08-21,233,3.29,24.7
2021-08-22,234,0.0,29.3
2021-08-23,235,1.88,26.5
2021-08-24,236,2.16,31.4
2021-08-25,237,1.19,26.2
2021-08-26,238,2.9,25.8
2021-08-27,239,3.24,29.3
2021-08-28,240,4.11,29.7
2021-08-29,241,0.0,29.6
2021-08-30,242,0.0,27.6
2021-08-31,243,1.03,27.7
2021-09-01,244,0.56,26.2
2021-09-02,245,0.51,30.3
2021-09-03,246,3.3,28.3
2021-09-04,247,0.93,29.0
2021-09-05,248,0.0,29.2
2021-09-06,249,0.35,26.3
2021-09-07,250,2.52,28.4
2021-09-08,251,0.0,30.0
2021-09-09,252,0.0,26.8
2021-09-10,253,0.0,28.8
2021-09-11,254,0.0,30.3
2021-09-12,255,0.0,29.9
2021-09-13,256,0.0,28.9
2021-09-14,257,3.13,28.9
2021-09-15,258,0.29,27.8
2021-09-16,259,0.0,30.0
2021-09-17,260,0.33,30.5
2021-09-18,261,0.0,29.5
2021-09-19,262,0.0,30.3
2021-09-20,263,0.0,29.3
2021-09-21,264,0.0,28.3
2021-09-22,265,2.63,30.0
2021-09-23,266,0.0,30.1
2021-09-24,267,4.0,27.3
2021-09-25,268,1.62,25.4
2021-09-26,269,0.0,29.6
2021-09-27,270,2.64,29.9
2021-09-28,271,3.4,28.2
2021-09-29,272,3.4,30.2
2021-09-30,273,1.94,29.8
2021-10-01,274,4.16,27.1
2021-10-02,275,2.59,28.9
2021-10-03,276,0.0,29.1
2021-10-04,277,1.74,31.6
2021-10-05,278,10.61,27.6
2021-10-06,279,1.91,30.5
2021-10-07,280,8.57,28.4
2021-10-08,281,6.29,27.1
2021-10-09,282,8.93,27.8
2021-10-10,283,3.95,28.2
2021-10-11,284,11.52,28.3
2021-10-12,285,2.95,26.9
2021-10-13,286,0.0,27.2
2021-10-14,287,9.35,30.8
2021-10-15,288,7.6,27.7
2021-10-16,289,8.63,26.9
2021-10-17,290,0.0,27.0
2021-10-18,291,1.24,29.2
2021-10-19,292,2.47,28.7
2021-10-20,293,4.14,28.9
2021-10-21,294,4.7,27.4
2021-10-22,295,16.84,24.5
2021-10-23,296,0.0,28.1
2021-10-24,297,7.55,29.2
2021-10-25,298,3.2,28.7
2021-10-26,299,8.05,26.1
2021-10-27,300,9.77,25.4
2021-10-28,301,15.59,28.4
2021-10-29,302,10.51,26.6
2021-10-30,303,14.24,28.5
2021-10-31,304,11.5,28.2
2021-11-01,305,4.95,27.5
2021-11-02,306,10.6,26.0
2021-11-03,307,2.26,28.6
2021-11-04,308,10.06,27.2
2021-11-05,309,11.6,26.5
2021-11-06,310,8.35,29.9
2021-11-07,311,10.43,24.5
2021-11-08,312,11.5,27.2
2021-11-09,313,12.81,27.8
2021-11-10,314,10.78,26.9
2021-11-11,315,10.16,25.4
2021-11-12,316,8.7,27.6
2021-11-13,317,13.55,29.9
2021-11-14,318,17.14,24.8
2021-11-15,319,13.01,27.5
2021-11-16,320,3.54,27.2
2021-11-17,321,11.62,26.8
2021-11-18,322,13.23,28.2
2021-11-19,323,8.91,29.7
2021-11-20,324,14.96,24.1
2021-11-21,325,13.52,27.5
2021-11-22,326,17.41,25.4
2021-11-23,327,7.14,32.4
2021-11-24,328,11.8,27.8
2021-11-25,329,11.71,24.7
2021-11-26,330,11.51,28.7
2021-11-27,331,8.57,27.5
2021-11-28,332,14.53,25.9
2021-11-29,333,15.75,26.0
2021-11-30,334,5.2,27.5
2021-12-01,335,12.71,29.1
2021-12-02,336,3.52,27.2
2021-12-03,337,12.9,26.8
2021-12-04,338,7.14,28.4
2021-12-05,339,3.42,27.8
2021-12-06,340,7.26,29.0
2021-12-07,341,4.44,29.1
2021-12-08,342,14.61,22.6
2021-12-09,343,5.69,26.3
2021-12-10,344,9.43,27.9
2021-12-11,345,12.75,27.3
2021-12-12,346,0.9,31.7
2021-12-13,347,7.32,30.1
2021-12-14,348,0.94,28.3
2021-12-15,349,8.87,30.7
2021-12-16,350,6.25,29.4
2021-12-17,351,0.0,29.0
2021-12-18,352,0.0,27.0
2021-12-19,353,9.02,28.2
2021-12-20,354,2.41,28.8
2021-12-21,355,2.03,26.9
2021-12-22,356,3.46,29.4
2021-12-23,357,6.3,28.7
2021-12-24,358,6.48,25.2
2021-12-25,359,1.66,31.9
2021-12-26,360,4.57,29.5
2021-12-27,361,4.36,28.2
2021-12-28,362,4.65,29.4
2021-12-29,363,4.55,29.6
2021-12-30,364,3.99,30.6
2021-12-31,365,4.12,27.2
2022-01-01,1,0.0,27.3
2022-01-02,2,1.38,27.3
2022-01-03,3,4.48,27.7
2022-01-04,4,0.0,30.1
2022-01-05,5,2.29,27.2
2022-01-06,6,2.67,29.7
2022-01-07,7,0.0,28.6
2022-01-08,8,1.0,31.3
2022-01-09,9,0.0,29.3
2022-01-10,10,2.05,27.5
2022-01-11,11,4.63,26.6
2022-01-12,12,1.64,27.6
2022-01-13,13,0.0,27.7
2022-01-14,14,0.0,27.5
2022-01-15,15,5.39,26.7
2022-01-16,16,4.36,29.4
2022-01-17,17,7.21,28.7
2022-01-18,18,0.0,27.1
2022-01-19,19,1.44,30.0
2022-01-20,20,4.82,31.9
2022-01-21,21,1.65,28.5
2022-01-22,22,5.14,30.5
2022-01-23,23,0.0,29.3
2022-01-24,24,0.0,26.9
2022-01-25,25,4.56,27.5
2022-01-26,26,0.0,27.3
2022-01-27,27,2.18,28.0
2022-01-28,28,0.0,29.1
2022-01-29,29,0.0,31.1
2022-01-30,30,0.0,28.5
2022-01-31,31,1.12,27.4
2022-02-01,32,0.64,28.4
2022-02-02,33,0.0,31.4
2022-02-03,34,4.01,31.4
2022-02-04,35,3.98,26.8
2022-02-05,36,0.0,27.5
2022-02-06,37,0.0,28.8
2022-02-07,38,6.49,27.9
2022-02-08,39,0.0,28.2
2022-02-09,40,0.0,28.1
2022-02-10,41,7.04,30.5
2022-02-11,42,1.36,31.0
2022-02-12,43,0.0,31.9
2022-02-13,44,0.0,29.7
2022-02-14,45,0.16,28.0
2022-02-15,46,2.99,28.3
2022-02-16,47,2.11,28.2
2022-02-17,48,1.85,28.5
2022-02-18,49,1.18,28.6
2022-02-19,50,5.1,27.9
2022-02-20,51,0.18,26.9
2022-02-21,52,1.47,28.3
2022-02-22,53,0.0,30.0
2022-02-23,54,0.0,30.7
2022-02-24,55,3.73,25.6
2022-02-25,56,3.87,29.8
2022-02-26,57,5.53,28.2
2022-02-27,58,3.99,27.2
2022-02-28,59,5.39,27.6
2022-03-01,60,5.45,26.8
2022-03-02,61,5.03,28.7
2022-03-03,62,0.0,30.9
2022-03-04,63,8.16,27.9
2022-03-05,64,10.0,28.4
2022-03-06,65,3.18,28.8
2022-03-07,66,7.33,23.8
2022-03-08,67,3.02,27.6
2022-03-09,68,9.87,28.8
2022-03-10,69,6.89,31.8
2022-03-11,70,14.35,26.6
2022-03-12,71,9.13,25.3
2022-03-13,72,12.88,30.5
2022-03-14,73,5.58,29.4
2022-03-15,74,8.71,30.1
2022-03-16,75,8.71,27.0
2022-03-17,76,7.48,26.5
2022-03-18,77,15.58,27.0
2022-03-19,78,7.03,27.6
2022-03-20,79,6.55,27.5
2022-03-21,80,7.11,26.3
2022-03-22,81,9.57,29.2
2022-03-23,82,15.44,26.0
2022-03-24,83,13.1,27.2
2022-03-25,84,12.43,27.0
2022-03-26,85,8.61,27.5
2022-03-27,86,13.84,28.4
2022-03-28,87,16.47,26.4
2022-03-29,88,7.06,26.3
2022-03-30,89,20.7,24.3
2022-03-31,90,17.42,27.1
2022-04-01,91,15.52,25.6
2022-04-02,92,24.71,26.5
2022-04-03,93,15.95,27.1
2022-04-04,94,6.16,27.7
2022-04-05,95,15.32,28.3
2022-04-06,96,6.97,29.8
2022-04-07,97,13.56,27.3
2022-04-08,98,18.61,26.1
2022-04-09,99,19.47,26.2
2022-04-10,100,18.47,28.1
2022-04-11,101,17.88,25.3
2022-04-12,102,25.7,25.7
2022-04-13,103,13.44,28.8
2022-04-14,104,20.31,23.7
2022-04-15,105,22.94,25.0
2022-04-16,106,14.69,27.1
2022-04-17,107,17.21,29.3
2022-04-18,108,23.66,25.2
2022-04-19,109,15.93,26.3
2022-04-20,110,19.33,25.4
2022-04-21,111,26.57,25.0
2022-04-22,112,12.08,27.7
2022-04-23,113,8.02,29.2
2022-04-24,114,16.95,26.5
2022-04-25,115,19.41,25.4
2022-04-26,116,16.75,27.1
2022-04-27,117,18.84,25.7
2022-04-28,118,12.93,28.5
2022-04-29,119,16.96,24.7
2022-04-30,120,15.31,26.5
2022-05-01,121,10.79,27.1
2022-05-02,122,9.09,26.5
2022-05-03,123,12.87,25.4
2022-05-04,124,3.87,28.0
2022-05-05,125,9.94,27.3
2022-05-06,126,12.75,26.9
2022-05-07,127,16.2,25.6
2022-05-08,128,12.15,25.8
2022-05-09,129,15.91,22.4
2022-05-10,130,10.99,26.2
2022-05-11,131,10.97,27.7
2022-05-12,132,11.85,28.1
2022-05-13,133,9.43,26.9
2022-05-14,134,9.43,30.8
2022-05-15,135,17.24,24.8
2022-05-16,136,13.44,29.3
2022-05-17,137,11.81,28.1
2022-05-18,138,6.83,25.5
2022-05-19,139,8.25,28.1
2022-05-20,140,12.51,29.7
2022-05-21,141,7.09,25.3
2022-05-22,142,3.0,31.0
2022-05-23,143,10.29,27.3
2022-05-24,144,11.81,26.3
2022-05-25,145,2.97,28.3
2022-05-26,146,0.51,28.9
2022-05-27,147,0.9,29.0
2022-05-28,148,10.5,27.5
2022-05-29,149,0.71,28.4
2022-05-30,150,1.83,24.8
2022-05-31,151,1.01,25.7
2022-06-01,152,2.31,29.9
2022-06-02,153,0.42,27.2
2022-06-03,154,8.98,28.4
2022-06-04,155,0.0,27.7
2022-06-05,156,5.02,31.9
2022-06-06,157,2.18,30.0
2022-06-07,158,0.0,27.7
2022-06-08,159,0.0,31.0
2022-06-09,160,7.97,25.4
2022-06-10,161,0.91,27.8
2022-06-11,162,0.0,28.4
2022-06-12,163,7.54,29.6
2022-06-13,164,8.71,25.9
2022-06-14,165,6.3,26.8
2022-06-15,166,1.58,29.7
2022-06-16,167,3.8,28.1
2022-06-17,168,0.0,30.2
2022-06-18,169,0.11,29.3
2022-06-19,170,0.0,28.1
2022-06-20,171,5.12,29.2
2022-06-21,172,0.0,27.6
2022-06-22,173,4.91,26.7
2022-06-23,174,0.0,29.7
2022-06-24,175,2.51,29.7
2022-06-25,176,0.0,28.5
2022-06-26,177,0.0,28.7
2022-06-27,178,1.78,28.8
2022-06-28,179,0.0,30.5
2022-06-29,180,3.9,26.9
2022-06-30,181,0.0,27.5
2022-07-01,182,4.52,29.2
2022-07-02,183,0.0,26.9
2022-07-03,184,0.0,29.7
2022-07-04,185,3.17,27.2
2022-07-05,186,0.0,28.8
2022-07-06,187,1.84,29.5
2022-07-07,188,0.0,29.4
2022-07-08,189,5.63,26.7
2022-07-09,190,0.0,30.1
2022-07-10,191,0.0,28.2
2022-07-11,192,1.65,27.9
2022-07-12,193,0.0,26.6
2022-07-13,194,0.0,30.2
2022-07-14,195,5.15,26.5
2022-07-15,196,2.35,26.9
2022-07-16,197,0.0,29.6
2022-07-17,198,4.11,26.4
2022-07-18,199,0.0,27.8
2022-07-19,200,0.0,29.1
2022-07-20,201,0.0,28.3
2022-07-21,202,0.0,26.7
2022-07-22,203,2.08,28.1
2022-07-23,204,0.0,29.4
2022-07-24,205,2.88,27.1
2022-07-25,206,3.16,28.5
2022-07-26,207,5.27,28.5
2022-07-27,208,0.12,27.4
2022-07-28,209,0.0,28.7
2022-07-29,210,0.0,30.7
2022-07-30,211,0.0,29.1
2022-07-31,212,0.0,30.4
2022-08-01,213,1.67,30.2
2022-08-02,214,1.44,27.3
2022-08-03,215,0.0,28.6
2022-08-04,216,1.07,30.5
2022-08-05,217,0.0,29.8
2022-08-06,218,0.0,29.6
2022-08-07,219,0.05,27.9
2022-08-08,220,0.78,27.0
2022-08-09,221,1.78,31.5
2022-08-10,222,2.77,28.0
2022-08-11,223,0.26,28.0
2022-08-12,224,0.06,26.7
2022-08-13,225,0.0,28.8
2022-08-14,226,3.51,31.2
2022-08-15,227,0.0,29.5
2022-08-16,228,2.14,26.8
2022-08-17,229,0.0,27.1
2022-08-18,230,0.0,31.2
2022-08-19,231,2.52,28.1
2022-08-20,232,1.46,27.4
2022-08-21,233,6.01,29.0
2022-08-22,234,1.65,31.2
2022-08-23,235,0.0,28.4
2022-08-24,236,4.18,27.4
2022-08-25,237,5.15,26.6
2022-08-26,238,0.0,29.4
2022-08-27,239,0.0,30.1
2022-08-28,240,4.78,25.9
2022-08-29,241,0.0,28.2
2022-08-30,242,0.08,28.0
2022-08-31,243,1.41,27.6
2022-09-01,244,3.51,29.7
2022-09-02,245,5.1,29.5
2022-09-03,246,1.29,28.3
2022-09-04,247,3.09,27.8
2022-09-05,248,0.0,28.6
2022-09-06,249,1.65,27.1
2022-09-07,250,4.51,29.5
2022-09-08,251,0.0,29.9
2022-09-09,252,1.2,31.9
2022-09-10,253,0.0,27.7
2022-09-11,254,0.0,29.8
2022-09-12,255,1.09,27.6
2022-09-13,256,0.88,27.5
2022-09-14,257,4.17,28.3
2022-09-15,258,0.0,29.3
2022-09-16,259,1.04,31.2
2022-09-17,260,0.0,30.6
2022-09-18,261,0.0,28.1
2022-09-19,262,0.0,29.5
2022-09-20,263,0.0,31.7
2022-09-21,264,0.0,30.0
2022-09-22,265,2.11,27.1
2022-09-23,266,1.95,26.8
2022-09-24,267,2.83,26.9
2022-09-25,268,0.0,29.6
2022-09-26,269,2.6,29.2
2022-09-27,270,0.0,29.3
2022-09-28,271,0.4,28.8
2022-09-29,272,2.45,28.3
2022-09-30,273,4.29,28.7
2022-10-01,274,2.62,26.2
2022-10-02,275,2.8,27.2
2022-10-03,276,7.54,27.7
2022-10-04,277,7.51,27.6
2022-10-05,278,2.98,26.3
2022-10-06,279,3.36,28.8
2022-10-07,280,5.4,27.4
2022-10-08,281,6.42,29.1
2022-10-09,282,2.49,30.6
2022-10-10,283,0.0,27.6
2022-10-11,284,0.2,28.3
2022-10-12,285,0.81,28.4
2022-10-13,286,0.35,28.5
2022-10-14,287,6.9,29.5
2022-10-15,288,7.45,25.9
2022-10-16,289,2.22,28.3
2022-10-17,290,9.01,27.4
2022-10-18,291,7.96,28.8
2022-10-19,292,0.41,30.8
2022-10-20,293,11.7,26.1
2022-10-21,294,11.1,26.6
2022-10-22,295,9.84,30.2
2022-10-23,296,2.12,30.7
2022-10-24,297,10.25,25.3
2022-10-25,298,14.32,26.8
2022-10-26,299,7.84,30.3
2022-10-27,300,7.52,28.8
2022-10-28,301,11.59,27.6
2022-10-29,302,10.85,27.6
2022-10-30,303,7.26,29.0
2022-10-31,304,14.29,28.0
2022-11-01,305,9.67,28.0
2022-11-02,306,8.1,28.5
2022-11-03,307,2.72,29.0
2022-11-04,308,3.31,25.8
2022-11-05,309,10.57,26.0
2022-11-06,310,12.22,26.8
2022-11-07,311,12.46,29.3
2022-11-08,312,11.15,27.8
2022-11-09,313,12.14,25.9
2022-11-10,314,16.47,28.8
2022-11-11,315,9.3,27.6
2022-11-12,316,16.1,24.3
2022-11-13,317,13.39,27.1
2022-11-14,318,10.82,26.6
2022-11-15,319,15.78,24.5
2022-11-16,320,2.07,27.0
2022-11-17,321,11.86,28.8
2022-11-18,322,11.63,27.9
2022-11-19,323,10.19,27.3
2022-11-20,324,21.6,27.8
2022-11-21,325,7.16,31.0
2022-11-22,326,12.74,28.1
2022-11-23,327,7.83,26.9
2022-11-24,328,7.17,27.7
2022-11-25,329,7.31,26.1
2022-11-26,330,10.64,25.6
2022-11-27,331,11.19,28.0
2022-11-28,332,9.1,28.8
2022-11-29,333,12.04,29.4
2022-11-30,334,15.64,24.0
2022-12-01,335,15.15,26.8
2022-12-02,336,7.44,24.0
2022-12-03,337,6.83,28.8
2022-12-04,338,9.65,26.9
2022-12-05,339,12.78,27.3
2022-12-06,340,4.28,28.0
2022-12-07,341,6.21,27.5
2022-12-08,342,11.63,28.2
2022-12-09,343,7.25,28.2
2022-12-10,344,8.68,28.5
2022-12-11,345,12.21,28.7
2022-12-12,346,5.1,26.2
2022-12-13,347,5.79,26.7
2022-12-14,348,6.9,28.5
2022-12-15,349,1.18,25.8
2022-12-16,350,10.64,29.1
2022-12-17,351,9.08,29.4
2022-12-18,352,10.43,26.9
2022-12-19,353,0.66,32.8
2022-12-20,354,4.79,26.5
2022-12-21,355,5.99,29.1
2022-12-22,356,3.05,28.3
2022-12-23,357,9.97,28.0
2022-12-24,358,6.27,29.5
2022-12-25,359,3.28,30.9
2022-12-26,360,0.44,27.5
2022-12-27,361,7.85,30.0
2022-12-28,362,0.0,28.0
2022-12-29,363,0.52,28.0
2022-12-30,364,0.9,26.3
2022-12-31,365,0.0,31.5
2023-01-01,1,6.12,26.2
2023-01-02,2,0.0,29.8
2023-01-03,3,0.0,28.5
2023-01-04,4,0.0,30.1
2023-01-05,5,0.1,29.1
2023-01-06,6,4.57,28.8
2023-01-07,7,0.0,29.0
2023-01-08,8,4.43,30.0
2023-01-09,9,0.0,29.4
2023-01-10,10,0.0,27.2
2023-01-11,11,2.71,30.9
2023-01-12,12,0.0,27.9
2023-01-13,13,0.0,29.0
2023-01-14,14,0.0,26.9
2023-01-15,15,7.06,27.9
2023-01-16,16,1.34,30.9
2023-01-17,17,0.51,30.8
2023-01-18,18,6.27,30.1
2023-01-19,19,0.53,29.0
2023-01-20,20,0.0,27.4
2023-01-21,21,0.0,28.8
2023-01-22,22,0.0,29.1
2023-01-23,23,0.0,28.6
2023-01-24,24,8.5,27.1
2023-01-25,25,2.87,27.3
2023-01-26,26,1.48,29.3
2023-01-27,27,8.48,26.4
2023-01-28,28,1.31,29.4
2023-01-29,29,0.0,28.6
2023-01-30,30,0.0,27.8
2023-01-31,31,0.0,28.3
2023-02-01,32,0.74,26.2
2023-02-02,33,0.7,29.5
2023-02-03,34,0.0,28.1
2023-02-04,35,4.25,32.4
2023-02-05,36,0.0,28.7
2023-02-06,37,4.95,28.5
2023-02-07,38,0.93,29.1
2023-02-08,39,0.47,27.4
2023-02-09,40,2.83,28.8
2023-02-10,41,3.19,30.2
2023-02-11,42,0.0,28.7
2023-02-12,43,1.03,29.8
2023-02-13,44,7.73,27.0
2023-02-14,45,0.72,30.7
2023-02-15,46,0.0,27.5
2023-02-16,47,0.0,27.6
2023-02-17,48,0.95,29.8
2023-02-18,49,0.0,30.9
2023-02-19,50,0.0,30.4
2023-02-20,51,2.84,30.4
2023-02-21,52,0.0,28.9
2023-02-22,53,8.57,27.3
2023-02-23,54,3.25,28.1
2023-02-24,55,8.13,26.5
2023-02-25,56,0.0,30.8
2023-02-26,57,3.82,30.4
2023-02-27,58,2.64,27.3
2023-02-28,59,6.28,28.5
2023-03-01,60,11.28,25.5
2023-03-02,61,2.9,29.5
2023-03-03,62,9.98,27.0
2023-03-04,63,1.82,28.6
2023-03-05,64,3.85,28.1
2023-03-06,65,3.37,28.5
2023-03-07,66,6.06,28.4
2023-03-08,67,5.25,28.4
2023-03-09,68,1.98,29.2
2023-03-10,69,10.94,27.2
2023-03-11,70,14.96,26.7
2023-03-12,71,7.21,28.8
2023-03-13,72,9.48,27.0
2023-03-14,73,3.57,30.4
2023-03-15,74,9.2,29.2
2023-03-16,75,8.34,27.1
2023-03-17,76,12.17,24.3
2023-03-18,77,7.85,26.4
2023-03-19,78,11.71,28.3
2023-03-20,79,10.64,27.7
2023-03-21,80,17.77,28.3
2023-03-22,81,11.48,29.2
2023-03-23,82,11.36,30.0
2023-03-24,83,11.82,26.1
2023-03-25,84,17.12,26.7
2023-03-26,85,5.8,28.7
2023-03-27,86,16.14,28.1
2023-03-28,87,15.86,25.7
2023-03-29,88,21.84,26.9
2023-03-30,89,14.49,29.0
2023-03-31,90,15.57,28.5
2023-04-01,91,9.98,26.8
2023-04-02,92,23.94,23.8
2023-04-03,93,17.7,27.0
2023-04-04,94,11.1,24.7
2023-04-05,95,17.59,23.5
2023-04-06,96,14.58,29.3
2023-04-07,97,13.23,28.4
2023-04-08,98,15.87,27.3
2023-04-09,99,11.93,27.3
2023-04-10,100,14.15,25.0
2023-04-11,101,18.44,26.3
2023-04-12,102,17.16,27.9
2023-04-13,103,16.67,25.5
2023-04-14,104,17.15,25.1
2023-04-15,105,16.74,27.6
2023-04-16,106,24.04,26.1
2023-04-17,107,14.51,24.9
2023-04-18,108,18.02,24.1
2023-04-19,109,19.31,28.6
2023-04-20,110,15.77,25.3
2023-04-21,111,22.15,26.6
2023-04-22,112,13.0,26.8
2023-04-23,113,16.54,27.5
2023-04-24,114,19.63,25.6
2023-04-25,115,23.19,25.1
2023-04-26,116,17.14,27.1
2023-04-27,117,22.63,25.2
2023-04-28,118,9.53,28.4
2023-04-29,119,15.36,26.4
2023-04-30,120,17.47,23.0
2023-05-01,121,17.64,29.3
2023-05-02,122,14.42,28.4
2023-05-03,123,14.06,26.9
2023-05-04,124,12.14,27.9
2023-05-05,125,10.32,27.3
2023-05-06,126,12.19,27.7
2023-05-07,127,13.87,27.0
2023-05-08,128,9.66,27.3
2023-05-09,129,11.09,26.7
2023-05-10,130,15.56,25.9
2023-05-11,131,14.96,28.6
2023-05-12,132,6.27,22.9
2023-05-13,133,11.34,26.8
2023-05-14,134,9.61,26.6
2023-05-15,135,12.17,29.0
2023-05-16,136,12.05,28.3
2023-05-17,137,8.37,26.1
2023-05-18,138,4.65,27.5
2023-05-19,139,13.44,28.0
2023-05-20,140,16.71,25.0
2023-05-21,141,0.0,30.0
2023-05-22,142,8.9,25.2
2023-05-23,143,8.13,26.8
2023-05-24,144,5.1,27.8
2023-05-25,145,5.04,29.9
2023-05-26,146,5.17,30.9
2023-05-27,147,5.14,28.4
2023-05-28,148,10.29,27.6
2023-05-29,149,2.54,30.1
2023-05-30,150,2.3,29.9
2023-05-31,151,5.95,26.4
2023-06-01,152,10.01,27.8
2023-06-02,153,2.16,28.9
2023-06-03,154,5.0,30.1
2023-06-04,155,0.33,29.2
2023-06-05,156,0.89,27.5
2023-06-06,157,4.3,29.4
2023-06-07,158,0.37,29.4
2023-06-08,159,0.0,28.8
2023-06-09,160,0.0,31.5
2023-06-10,161,2.01,29.1
2023-06-11,162,1.34,28.4
2023-06-12,163,0.0,27.2
2023-06-13,164,1.99,29.2
2023-06-14,165,6.29,27.5
2023-06-15,166,0.0,32.3
2023-06-16,167,5.9,30.0
2023-06-17,168,3.08,25.6
2023-06-18,169,2.65,27.7
2023-06-19,170,1.59,28.3
2023-06-20,171,3.36,29.8
2023-06-21,172,6.11,26.5
2023-06-22,173,1.45,27.5
2023-06-23,174,0.0,29.8
2023-06-24,175,0.12,28.8
2023-06-25,176,0.0,28.6
2023-06-26,177,0.0,24.7
2023-06-27,178,0.0,29.4
2023-06-28,179,6.93,22.8
2023-06-29,180,1.48,29.5
2023-06-30,181,4.76,28.1
2023-07-01,182,0.0,27.0
2023-07-02,183,0.03,29.6
2023-07-03,184,1.77,26.8
2023-07-04,185,9.27,27.9
2023-07-05,186,0.0,26.8
2023-07-06,187,0.0,28.1
2023-07-07,188,1.68,27.5
2023-07-08,189,0.0,28.4
2023-07-09,190,0.0,27.9
2023-07-10,191,0.0,26.9
2023-07-11,192,0.0,28.2
2023-07-12,193,3.33,30.9
2023-07-13,194,0.0,32.7
2023-07-14,195,0.0,30.0
2023-07-15,196,0.0,29.1
2023-07-16,197,0.62,30.0
2023-07-17,198,0.0,25.6
2023-07-18,199,2.08,30.4
2023-07-19,200,1.15,29.5
2023-07-20,201,4.55,27.8
2023-07-21,202,0.63,28.6
2023-07-22,203,3.14,29.2
2023-07-23,204,7.14,27.1
2023-07-24,205,0.0,29.2
2023-07-25,206,0.0,26.7
2023-07-26,207,0.26,29.4
2023-07-27,208,7.01,28.7
2023-07-28,209,0.0,26.6
2023-07-29,210,0.0,30.4
2023-07-30,211,2.05,31.0
2023-07-31,212,0.0,31.8
2023-08-01,213,2.15,28.6
2023-08-02,214,0.0,29.0
2023-08-03,215,3.55,26.5
2023-08-04,216,0.31,28.4
2023-08-05,217,1.34,27.8
2023-08-06,218,0.0,30.0
2023-08-07,219,0.0,29.1
2023-08-08,220,8.55,27.3
2023-08-09,221,0.0,29.1
2023-08-10,222,0.0,30.3
2023-08-11,223,0.9,29.2
2023-08-12,224,0.0,25.8
2023-08-13,225,2.22,26.6
2023-08-14,226,0.0,26.3
2023-08-15,227,0.0,30.6
2023-08-16,228,0.0,28.1
2023-08-17,229,4.0,29.2
2023-08-18,230,0.89,27.6
2023-08-19,231,0.0,26.9
2023-08-20,232,4.85,28.4
2023-08-21,233,0.0,28.7
2023-08-22,234,5.25,30.6
2023-08-23,235,0.35,30.1
2023-08-24,236,0.0,26.6
2023-08-25,237,0.0,29.4
2023-08-26,238,4.88,27.6
2023-08-27,239,1.37,27.9
2023-08-28,240,4.26,27.0
2023-08-29,241,0.55,27.4
2023-08-30,242,0.0,29.5
2023-08-31,243,1.96,30.5
2023-09-01,244,3.53,29.3
2023-09-02,245,0.0,29.3
2023-09-03,246,0.0,29.2
2023-09-04,247,0.0,26.2
2023-09-05,248,8.31,31.8
2023-09-06,249,0.0,26.3
2023-09-07,250,0.0,29.6
2023-09-08,251,2.03,27.6
2023-09-09,252,0.0,27.9
2023-09-10,253,0.0,28.7
2023-09-11,254,0.1,30.1
2023-09-12,255,0.4,30.9
2023-09-13,256,0.0,28.6
2023-09-14,257,0.0,27.3
2023-09-15,258,0.0,29.2
2023-09-16,259,4.16,28.6
2023-09-17,260,0.0,30.5
2023-09-18,261,1.0,29.4
2023-09-19,262,4.63,29.1
2023-09-20,263,0.0,28.2
2023-09-21,264,4.88,26.4
2023-09-22,265,2.41,27.0
2023-09-23,266,0.54,29.0
2023-09-24,267,4.34,29.3
2023-09-25,268,0.0,28.7
2023-09-26,269,0.0,26.8
2023-09-27,270,0.0,28.0
2023-09-28,271,4.33,26.7
2023-09-29,272,0.0,28.2
2023-09-30,273,2.7,27.0
2023-10-01,274,7.54,31.2
2023-10-02,275,1.56,28.9
2023-10-03,276,0.85,30.9
2023-10-04,277,1.95,30.0
2023-10-05,278,9.92,24.8
2023-10-06,279,5.31,30.1
2023-10-07,280,3.54,28.7
2023-10-08,281,0.0,27.9
2023-10-09,282,2.83,29.4
2023-10-10,283,1.53,29.6
2023-10-11,284,0.2,29.9
2023-10-12,285,1.57,30.1
2023-10-13,286,5.67,26.4
2023-10-14,287,1.6,30.1
2023-10-15,288,6.45,29.9
2023-10-16,289,0.0,26.0
2023-10-17,290,0.24,26.1
2023-10-18,291,10.16,28.2
2023-10-19,292,6.79,27.2
2023-10-20,293,7.98,27.4
2023-10-21,294,4.09,27.6
2023-10-22,295,10.47,29.2
2023-10-23,296,11.19,26.5
2023-10-24,297,2.3,31.8
2023-10-25,298,6.83,27.7
2023-10-26,299,5.21,28.2
2023-10-27,300,8.34,27.4
2023-10-28,301,8.61,30.3
2023-10-29,302,10.84,28.1
2023-10-30,303,4.3,27.9
2023-10-31,304,14.02,30.2
2023-11-01,305,12.21,25.3
2023-11-02,306,11.7,26.5
2023-11-03,307,10.55,30.1
2023-11-04,308,10.71,29.1
2023-11-05,309,8.08,26.2
2023-11-06,310,11.47,28.6
2023-11-07,311,8.07,28.6
2023-11-08,312,16.7,28.0
2023-11-09,313,14.16,29.5
2023-11-10,314,16.86,25.8
2023-11-11,315,16.96,25.7
2023-11-12,316,12.74,27.1
2023-11-13,317,14.09,25.4
2023-11-14,318,13.46,26.6
2023-11-15,319,8.71,27.7
2023-11-16,320,10.41,24.7
2023-11-17,321,10.7,30.0
2023-11-18,322,14.69,26.5
2023-11-19,323,10.1,25.8
2023-11-20,324,13.92,28.3
2023-11-21,325,7.36,28.9
2023-11-22,326,13.46,26.9
2023-11-23,327,11.74,27.2
2023-11-24,328,10.93,26.5
2023-11-25,329,15.55,28.3
2023-11-26,330,8.23,26.6
2023-11-27,331,18.46,26.5
2023-11-28,332,9.23,27.5
2023-11-29,333,18.95,25.8
2023-11-30,334,19.07,25.2
2023-12-01,335,10.28,26.8
2023-12-02,336,8.69,26.7
2023-12-03,337,14.47,28.4
2023-12-04,338,6.87,31.2
2023-12-05,339,9.5,29.7
2023-12-06,340,14.57,26.9
2023-12-07,341,13.83,27.8
2023-12-08,342,9.6,28.7
2023-12-09,343,9.72,29.9
2023-12-10,344,11.82,26.9
2023-12-11,345,8.21,28.5
2023-12-12,346,17.86,26.0
2023-12-13,347,4.66,27.1
2023-12-14,348,8.37,25.4
2023-12-15,349,4.14,29.8
2023-12-16,350,6.48,27.4
2023-12-17,351,8.84,27.9
2023-12-18,352,2.34,26.8
2023-12-19,353,8.19,29.2
2023-12-20,354,4.14,28.2
2023-12-21,355,13.74,27.8
2023-12-22,356,1.07,30.6
2023-12-23,357,0.26,30.1
2023-12-24,358,8.97,26.2
2023-12-25,359,9.69,26.6
2023-12-26,360,9.11,27.0
2023-12-27,361,0.0,29.0
2023-12-28,362,0.89,30.6
2023-12-29,363,4.51,28.2
2023-12-30,364,0.0,30.2
2023-12-31,365,5.66,30.7
2024-01-01,1,0.0,31.0
2024-01-02,2,0.47,29.7
2024-01-03,3,3.01,28.1
2024-01-04,4,0.0,30.6
2024-01-05,5,5.38,27.6
2024-01-06,6,0.0,28.6
2024-01-07,7,0.0,30.2
2024-01-08,8,5.24,29.3
2024-01-09,9,5.97,29.1
2024-01-10,10,4.5,27.7
2024-01-11,11,0.0,25.9
2024-01-12,12,2.08,31.0
2024-01-13,13,0.0,26.3
2024-01-14,14,5.37,28.6
2024-01-15,15,0.0,29.9
2024-01-16,16,1.85,30.7
2024-01-17,17,0.0,25.9
2024-01-18,18,0.0,31.1
2024-01-19,19,1.53,28.1
2024-01-20,20,4.66,26.8
2024-01-21,21,0.0,30.3
2024-01-22,22,4.81,27.5
2024-01-23,23,2.29,29.2
2024-01-24,24,0.0,31.6
2024-01-25,25,3.79,28.6
2024-01-26,26,5.7,29.6
2024-01-27,27,0.37,28.1
2024-01-28,28,0.0,26.3
2024-01-29,29,4.76,30.1
2024-01-30,30,0.45,29.4
2024-01-31,31,0.69,28.3
2024-02-01,32,0.0,30.5
2024-02-02,33,4.71,27.4
2024-02-03,34,5.33,24.8
2024-02-04,35,0.0,31.1
2024-02-05,36,0.0,28.5
2024-02-06,37,0.0,30.6
2024-02-07,38,0.0,30.8
2024-02-08,39,0.0,27.7
2024-02-09,40,4.58,27.6
2024-02-10,41,2.22,28.1
2024-02-11,42,0.67,29.2
2024-02-12,43,5.08,27.8
2024-02-13,44,3.24,27.6
2024-02-14,45,3.54,29.5
2024-02-15,46,2.37,25.1
2024-02-16,47,6.83,26.8
2024-02-17,48,7.94,30.4
2024-02-18,49,4.61,29.8
2024-02-19,50,0.0,29.1
2024-02-20,51,0.0,27.2
2024-02-21,52,0.0,27.2
2024-02-22,53,1.52,26.7
2024-02-23,54,0.0,29.0
2024-02-24,55,8.01,27.6
2024-02-25,56,3.96,25.0
2024-02-26,57,0.0,28.7
2024-02-27,58,7.89,28.6
2024-02-28,59,7.88,27.5
2024-02-29,60,7.24,27.4
2024-03-01,61,2.15,26.6
2024-03-02,62,3.9,30.8
2024-03-03,63,7.81,26.1
2024-03-04,64,2.53,28.5
2024-03-05,65,6.55,28.2
2024-03-06,66,5.72,30.0
2024-03-07,67,10.57,30.5
2024-03-08,68,10.09,27.5
2024-03-09,69,9.83,27.1
2024-03-10,70,5.58,29.9
2024-03-11,71,7.04,28.3
2024-03-12,72,3.74,26.7
2024-03-13,73,6.58,27.3
2024-03-14,74,11.13,25.8
2024-03-15,75,8.37,26.8
2024-03-16,76,9.17,26.7
2024-03-17,77,14.59,26.7
2024-03-18,78,10.28,27.8
2024-03-19,79,17.24,25.0
2024-03-20,80,2.82,30.7
2024-03-21,81,11.16,24.5
2024-03-22,82,7.85,29.5
2024-03-23,83,15.59,26.5
2024-03-24,84,1.17,31.8
2024-03-25,85,11.54,26.8
2024-03-26,86,8.53,28.6
2024-03-27,87,14.78,25.1
2024-03-28,88,12.57,26.7
2024-03-29,89,13.25,28.4
2024-03-30,90,22.34,24.1
2024-03-31,91,12.41,24.6
2024-04-01,92,10.84,26.4
2024-04-02,93,15.98,26.8
2024-04-03,94,19.1,26.3
2024-04-04,95,15.91,25.9
2024-04-05,96,19.52,27.9
2024-04-06,97,20.76,25.0
2024-04-07,98,20.35,27.1
2024-04-08,99,20.68,26.9
2024-04-09,100,14.02,26.4
2024-04-10,101,9.43,29.6
2024-04-11,102,8.88,31.4
2024-04-12,103,22.72,26.3
2024-04-13,104,21.78,25.1
2024-04-14,105,15.31,25.0
2024-04-15,106,16.81,28.3
2024-04-16,107,22.79,25.2
2024-04-17,108,14.36,24.9
2024-04-18,109,13.4,26.8
2024-04-19,110,17.52,26.5
2024-04-20,111,21.84,27.6
2024-04-21,112,18.85,29.2
2024-04-22,113,15.16,26.8
2024-04-23,114,18.62,25.1
2024-04-24,115,21.67,25.0
2024-04-25,116,19.71,27.7
2024-04-26,117,10.15,28.0
2024-04-27,118,10.08,25.2
2024-04-28,119,20.37,29.2
2024-04-29,120,17.48,25.6
2024-04-30,121,14.71,27.9
2024-05-01,122,15.74,25.8
2024-05-02,123,16.16,23.7
2024-05-03,124,15.65,26.6
2024-05-04,125,13.42,25.4
2024-05-05,126,10.37,29.1
2024-05-06,127,13.85,29.0
2024-05-07,128,11.56,26.8
2024-05-08,129,18.88,25.9
2024-05-09,130,12.11,24.4
2024-05-10,131,4.42,29.6
2024-05-11,132,8.76,26.4
2024-05-12,133,14.34,28.4
2024-05-13,134,7.6,28.4
2024-05-14,135,9.89,26.8
2024-05-15,136,12.54,27.0
2024-05-16,137,7.13,27.6
2024-05-17,138,7.5,25.7
2024-05-18,139,11.98,27.3
2024-05-19,140,2.57,27.3
2024-05-20,141,6.34,27.6
2024-05-21,142,7.23,26.4
2024-05-22,143,8.1,28.6
2024-05-23,144,9.09,27.7
2024-05-24,145,2.45,27.2
2024-05-25,146,0.89,29.0
2024-05-26,147,6.81,29.3
2024-05-27,148,2.59,28.7
2024-05-28,149,7.5,27.6
2024-05-29,150,0.0,30.9
2024-05-30,151,7.98,28.8
2024-05-31,152,4.34,31.2
2024-06-01,153,8.79,26.7
2024-06-02,154,0.0,29.1
2024-06-03,155,5.16,25.8
2024-06-04,156,0.55,27.5
2024-06-05,157,6.02,28.1
2024-06-06,158,5.14,30.2
2024-06-07,159,0.0,27.2
2024-06-08,160,0.0,27.3
2024-06-09,161,0.0,28.4
2024-06-10,162,1.64,30.4
2024-06-11,163,0.0,29.5
2024-06-12,164,1.95,27.7
2024-06-13,165,5.81,28.6
2024-06-14,166,0.0,30.2
2024-06-15,167,6.99,30.7
2024-06-16,168,3.61,27.8
2024-06-17,169,0.0,30.0
2024-06-18,170,0.0,30.3
2024-06-19,171,0.0,29.6
2024-06-20,172,0.0,26.8
2024-06-21,173,2.45,28.5
2024-06-22,174,0.0,26.3
2024-06-23,175,3.15,25.8
2024-06-24,176,0.0,26.4
2024-06-25,177,3.33,30.1
2024-06-26,178,4.49,29.1
2024-06-27,179,0.0,29.4
2024-06-28,180,0.0,29.3
2024-06-29,181,2.21,28.3
2024-06-30,182,2.42,30.0
2024-07-01,183,0.44,31.1
2024-07-02,184,0.14,28.0
2024-07-03,185,0.0,28.3
2024-07-04,186,7.06,29.5
2024-07-05,187,6.27,31.4
2024-07-06,188,0.0,29.3
2024-07-07,189,3.19,28.9
2024-07-08,190,0.0,28.8
2024-07-09,191,0.0,26.5
2024-07-10,192,0.0,26.1
2024-07-11,193,3.59,29.1
2024-07-12,194,0.0,28.3
2024-07-13,195,0.0,29.6
2024-07-14,196,0.0,31.0
2024-07-15,197,0.0,28.5
2024-07-16,198,0.0,31.2
2024-07-17,199,0.0,29.5
2024-07-18,200,8.04,28.7
2024-07-19,201,0.0,29.7
2024-07-20,202,0.0,29.7
2024-07-21,203,7.89,30.0
2024-07-22,204,0.0,27.3
2024-07-23,205,0.0,26.9
2024-07-24,206,0.0,28.2
2024-07-25,207,4.81,28.3
2024-07-26,208,6.2,27.0
2024-07-27,209,0.0,26.0
2024-07-28,210,0.0,32.5
2024-07-29,211,0.0,28.7
2024-07-30,212,0.0,33.4
2024-07-31,213,0.0,29.8
2024-08-01,214,0.0,28.7
2024-08-02,215,0.0,30.7
2024-08-03,216,0.0,27.6
2024-08-04,217,0.0,28.4
2024-08-05,218,1.76,27.3
2024-08-06,219,0.0,27.8
2024-08-07,220,10.3,28.0
2024-08-08,221,2.64,26.8
2024-08-09,222,2.18,25.1
2024-08-10,223,0.0,29.2
2024-08-11,224,3.88,28.0
2024-08-12,225,0.0,31.8
2024-08-13,226,0.26,28.1
2024-08-14,227,0.0,31.7
2024-08-15,228,0.0,32.9
2024-08-16,229,0.35,30.7
2024-08-17,230,0.0,28.5
2024-08-18,231,0.0,28.4
2024-08-19,232,0.0,26.8
2024-08-20,233,2.78,27.9
2024-08-21,234,0.0,27.6
2024-08-22,235,0.0,30.8
2024-08-23,236,0.0,32.7
2024-08-24,237,4.4,26.4
2024-08-25,238,0.0,29.1
2024-08-26,239,1.4,28.8
2024-08-27,240,0.14,27.8
2024-08-28,241,0.57,28.4
2024-08-29,242,0.0,32.3
2024-08-30,243,0.0,28.4
2024-08-31,244,0.0,29.3
2024-09-01,245,5.61,26.9
2024-09-02,246,4.42,29.2
2024-09-03,247,0.0,28.0
2024-09-04,248,2.33,30.9
2024-09-05,249,0.0,25.8
2024-09-06,250,2.27,27.9
2024-09-07,251,1.51,29.6
2024-09-08,252,0.0,28.9
2024-09-09,253,0.0,31.4
2024-09-10,254,0.0,28.2
2024-09-11,255,0.34,28.1
2024-09-12,256,0.0,32.8
2024-09-13,257,2.08,26.2
2024-09-14,258,0.0,25.4
2024-09-15,259,0.19,28.1
2024-09-16,260,6.7,26.1
2024-09-17,261,0.0,31.1
2024-09-18,262,1.22,28.9
2024-09-19,263,3.09,27.5
2024-09-20,264,3.98,31.2
2024-09-21,265,3.19,28.8
2024-09-22,266,5.16,30.9
2024-09-23,267,0.0,27.6
2024-09-24,268,0.0,27.9
2024-09-25,269,3.67,28.5
2024-09-26,270,0.0,29.0
2024-09-27,271,0.0,28.9
2024-09-28,272,4.04,28.7
2024-09-29,273,5.95,28.2
2024-09-30,274,0.0,27.3
2024-10-01,275,7.41,25.0
2024-10-02,276,6.42,28.5
2024-10-03,277,0.08,31.8
2024-10-04,278,7.79,28.3
2024-10-05,279,4.72,26.6
2024-10-06,280,9.12,29.6
2024-10-07,281,5.55,30.6
2024-10-08,282,9.24,24.7
2024-10-09,283,0.0,32.6
2024-10-10,284,5.56,26.8
2024-10-11,285,10.28,26.2
2024-10-12,286,1.1,29.0
2024-10-13,287,11.47,26.3
2024-10-14,288,0.0,28.5
2024-10-15,289,5.93,27.6
2024-10-16,290,7.94,26.8
2024-10-17,291,8.7,27.7
2024-10-18,292,1.19,29.1
2024-10-19,293,6.51,28.7
2024-10-20,294,4.32,27.1
2024-10-21,295,2.71,26.7
2024-10-22,296,7.93,26.2
2024-10-23,297,5.8,29.3
2024-10-24,298,5.24,27.9
2024-10-25,299,8.08,28.3
2024-10-26,300,2.54,29.2
2024-10-27,301,12.4,27.2
2024-10-28,302,12.64,28.6
2024-10-29,303,10.85,28.5
2024-10-30,304,1.94,26.9
2024-10-31,305,18.03,26.3
2024-11-01,306,11.56,27.3
2024-11-02,307,3.87,24.8
2024-11-03,308,7.05,30.1
2024-11-04,309,13.95,26.3
2024-11-05,310,13.2,27.6
2024-11-06,311,6.51,25.4
2024-11-07,312,14.74,28.1
2024-11-08,313,12.2,25.9
2024-11-09,314,13.61,24.8
2024-11-10,315,17.38,27.4
2024-11-11,316,7.86,29.3
2024-11-12,317,14.69,26.8
2024-11-13,318,10.21,28.3
2024-11-14,319,6.65,26.4
2024-11-15,320,13.96,25.9
2024-11-16,321,17.8,25.1
2024-11-17,322,6.64,28.4
2024-11-18,323,8.88,28.7
2024-11-19,324,13.33,27.5
2024-11-20,325,8.39,24.9
2024-11-21,326,10.29,24.8
2024-11-22,327,14.79,25.6
2024-11-23,328,10.63,29.2
2024-11-24,329,8.98,28.7
2024-11-25,330,8.91,27.7
2024-11-26,331,11.42,26.9
2024-11-27,332,7.01,23.9
2024-11-28,333,10.17,29.9
2024-11-29,334,14.0,27.4
2024-11-30,335,3.52,27.7
2024-12-01,336,10.79,29.7
2024-12-02,337,8.63,28.0
2024-12-03,338,12.09,26.3
2024-12-04,339,1.92,28.0
2024-12-05,340,4.29,29.2
2024-12-06,341,8.16,28.3
2024-12-07,342,13.64,27.4
2024-12-08,343,8.64,26.0
2024-12-09,344,4.17,29.6
2024-12-10,345,12.87,27.2
2024-12-11,346,0.73,26.9
2024-12-12,347,2.59,30.8
2024-12-13,348,11.33,27.6
2024-12-14,349,8.69,28.6
2024-12-15,350,4.75,25.8
2024-12-16,351,7.15,27.0
2024-12-17,352,5.86,28.2
2024-12-18,353,0.0,29.2
2024-12-19,354,2.4,27.1
2024-12-20,355,4.34,25.6
2024-12-21,356,5.0,28.8
2024-12-22,357,7.43,26.5
2024-12-23,358,1.54,28.7
2024-12-24,359,7.98,27.6
2024-12-25,360,6.99,26.4
2024-12-26,361,5.29,28.1
2024-12-27,362,0.0,30.5
2024-12-28,363,5.01,29.7
2024-12-29,364,9.02,24.9
2024-12-30,365,5.18,26.2
2024-12-31,366,0.0,27.5
2025-01-01,1,4.1,30.5
